--
-- PostgreSQL database dump
--

\restrict JjqVfl2YVS9n8btT2uSz0vmlZKD5hXPKbqW7Pxr8FTXCdwxkBxBTgh8AtIkXNpR

-- Dumped from database version 15.14 (Homebrew)
-- Dumped by pg_dump version 15.14 (Homebrew)

SET statement_timeout = 0;
SET lock_timeout = 0;
SET idle_in_transaction_session_timeout = 0;
SET client_encoding = 'UTF8';
SET standard_conforming_strings = on;
SELECT pg_catalog.set_config('search_path', '', false);
SET check_function_bodies = false;
SET xmloption = content;
SET client_min_messages = warning;
SET row_security = off;

SET default_tablespace = '';

SET default_table_access_method = heap;

--
-- Name: accommodation_bookings; Type: TABLE; Schema: public; Owner: simoncrunden
--

CREATE TABLE public.accommodation_bookings (
    id uuid NOT NULL,
    hotel_name character varying(200) NOT NULL,
    hotel_chain character varying(100) NOT NULL,
    city character varying(100) NOT NULL,
    country character varying(100) NOT NULL,
    address text NOT NULL,
    check_in_date date NOT NULL,
    check_out_date date NOT NULL,
    number_of_nights integer NOT NULL,
    room_type character varying(100) NOT NULL,
    nightly_rate numeric(10,2) NOT NULL,
    currency character varying(3) NOT NULL,
    nightly_rate_base numeric(10,2),
    total_amount_base numeric(10,2),
    booking_id uuid NOT NULL
);


ALTER TABLE public.accommodation_bookings OWNER TO simoncrunden;

--
-- Name: air_bookings; Type: TABLE; Schema: public; Owner: simoncrunden
--

CREATE TABLE public.air_bookings (
    id uuid NOT NULL,
    trip_type character varying(20) NOT NULL,
    travel_class character varying(30) NOT NULL,
    ticket_number character varying(50) NOT NULL,
    primary_airline_iata_code character varying(3) NOT NULL,
    primary_airline_name character varying(100) NOT NULL,
    origin_airport_iata_code character varying(3) NOT NULL,
    destination_airport_iata_code character varying(3) NOT NULL,
    lowest_fare_available numeric(10,2),
    lowest_fare_currency character varying(3) NOT NULL,
    potential_savings numeric(10,2),
    booking_id uuid NOT NULL
);


ALTER TABLE public.air_bookings OWNER TO simoncrunden;

--
-- Name: air_segments; Type: TABLE; Schema: public; Owner: simoncrunden
--

CREATE TABLE public.air_segments (
    id uuid NOT NULL,
    segment_number integer NOT NULL,
    airline_iata_code character varying(3) NOT NULL,
    airline_name character varying(100) NOT NULL,
    flight_number character varying(10) NOT NULL,
    origin_airport_iata_code character varying(3) NOT NULL,
    destination_airport_iata_code character varying(3) NOT NULL,
    departure_date date NOT NULL,
    departure_time time without time zone NOT NULL,
    arrival_date date NOT NULL,
    arrival_time time without time zone NOT NULL,
    booking_class character varying(10) NOT NULL,
    fare_basis character varying(20) NOT NULL,
    distance_km integer,
    air_booking_id uuid NOT NULL,
    carbon_emissions_kg numeric(8,2)
);


ALTER TABLE public.air_segments OWNER TO simoncrunden;

--
-- Name: airlines; Type: TABLE; Schema: public; Owner: simoncrunden
--

CREATE TABLE public.airlines (
    iata_code character varying(3) NOT NULL,
    name character varying(200) NOT NULL,
    country character varying(100) NOT NULL,
    alliance character varying(50) NOT NULL
);


ALTER TABLE public.airlines OWNER TO simoncrunden;

--
-- Name: airports; Type: TABLE; Schema: public; Owner: simoncrunden
--

CREATE TABLE public.airports (
    iata_code character varying(3) NOT NULL,
    name character varying(200) NOT NULL,
    city character varying(100) NOT NULL,
    country character varying(100) NOT NULL,
    latitude numeric(9,6),
    longitude numeric(9,6),
    timezone character varying(50) NOT NULL
);


ALTER TABLE public.airports OWNER TO simoncrunden;

--
-- Name: auth_group; Type: TABLE; Schema: public; Owner: simoncrunden
--

CREATE TABLE public.auth_group (
    id integer NOT NULL,
    name character varying(150) NOT NULL
);


ALTER TABLE public.auth_group OWNER TO simoncrunden;

--
-- Name: auth_group_id_seq; Type: SEQUENCE; Schema: public; Owner: simoncrunden
--

ALTER TABLE public.auth_group ALTER COLUMN id ADD GENERATED BY DEFAULT AS IDENTITY (
    SEQUENCE NAME public.auth_group_id_seq
    START WITH 1
    INCREMENT BY 1
    NO MINVALUE
    NO MAXVALUE
    CACHE 1
);


--
-- Name: auth_group_permissions; Type: TABLE; Schema: public; Owner: simoncrunden
--

CREATE TABLE public.auth_group_permissions (
    id bigint NOT NULL,
    group_id integer NOT NULL,
    permission_id integer NOT NULL
);


ALTER TABLE public.auth_group_permissions OWNER TO simoncrunden;

--
-- Name: auth_group_permissions_id_seq; Type: SEQUENCE; Schema: public; Owner: simoncrunden
--

ALTER TABLE public.auth_group_permissions ALTER COLUMN id ADD GENERATED BY DEFAULT AS IDENTITY (
    SEQUENCE NAME public.auth_group_permissions_id_seq
    START WITH 1
    INCREMENT BY 1
    NO MINVALUE
    NO MAXVALUE
    CACHE 1
);


--
-- Name: auth_permission; Type: TABLE; Schema: public; Owner: simoncrunden
--

CREATE TABLE public.auth_permission (
    id integer NOT NULL,
    name character varying(255) NOT NULL,
    content_type_id integer NOT NULL,
    codename character varying(100) NOT NULL
);


ALTER TABLE public.auth_permission OWNER TO simoncrunden;

--
-- Name: auth_permission_id_seq; Type: SEQUENCE; Schema: public; Owner: simoncrunden
--

ALTER TABLE public.auth_permission ALTER COLUMN id ADD GENERATED BY DEFAULT AS IDENTITY (
    SEQUENCE NAME public.auth_permission_id_seq
    START WITH 1
    INCREMENT BY 1
    NO MINVALUE
    NO MAXVALUE
    CACHE 1
);


--
-- Name: bookings; Type: TABLE; Schema: public; Owner: simoncrunden
--

CREATE TABLE public.bookings (
    id uuid NOT NULL,
    agent_booking_reference character varying(100) NOT NULL,
    booking_type character varying(20) NOT NULL,
    booking_date date NOT NULL,
    travel_date date NOT NULL,
    return_date date,
    status character varying(20) NOT NULL,
    currency character varying(3) NOT NULL,
    total_amount numeric(10,2) NOT NULL,
    base_fare numeric(10,2) NOT NULL,
    taxes numeric(10,2) NOT NULL,
    fees numeric(10,2) NOT NULL,
    created_at timestamp with time zone NOT NULL,
    updated_at timestamp with time zone NOT NULL,
    organization_id uuid NOT NULL,
    traveller_id uuid NOT NULL,
    supplier_reference character varying(100) NOT NULL,
    travel_arranger_id uuid,
    travel_consultant_id uuid,
    travel_arranger_text character varying(200) NOT NULL,
    travel_consultant_text character varying(200) NOT NULL,
    base_fare_base numeric(10,2),
    exchange_rate numeric(12,6),
    exchange_rate_date date,
    fees_base numeric(10,2),
    taxes_base numeric(10,2),
    total_amount_base numeric(10,2)
);


ALTER TABLE public.bookings OWNER TO simoncrunden;

--
-- Name: budget_alerts; Type: TABLE; Schema: public; Owner: simoncrunden
--

CREATE TABLE public.budget_alerts (
    id uuid NOT NULL,
    alert_type character varying(20) NOT NULL,
    percentage_used numeric(5,2) NOT NULL,
    amount_spent numeric(12,2) NOT NULL,
    notification_sent_at timestamp with time zone,
    is_acknowledged boolean NOT NULL,
    acknowledged_at timestamp with time zone,
    created_at timestamp with time zone NOT NULL,
    acknowledged_by_id uuid,
    budget_id uuid NOT NULL
);


ALTER TABLE public.budget_alerts OWNER TO simoncrunden;

--
-- Name: budget_alerts_notified_users; Type: TABLE; Schema: public; Owner: simoncrunden
--

CREATE TABLE public.budget_alerts_notified_users (
    id bigint NOT NULL,
    budgetalert_id uuid NOT NULL,
    user_id uuid NOT NULL
);


ALTER TABLE public.budget_alerts_notified_users OWNER TO simoncrunden;

--
-- Name: budget_alerts_notified_users_id_seq; Type: SEQUENCE; Schema: public; Owner: simoncrunden
--

ALTER TABLE public.budget_alerts_notified_users ALTER COLUMN id ADD GENERATED BY DEFAULT AS IDENTITY (
    SEQUENCE NAME public.budget_alerts_notified_users_id_seq
    START WITH 1
    INCREMENT BY 1
    NO MINVALUE
    NO MAXVALUE
    CACHE 1
);


--
-- Name: budgets; Type: TABLE; Schema: public; Owner: simoncrunden
--

CREATE TABLE public.budgets (
    id uuid NOT NULL,
    cost_center character varying(100) NOT NULL,
    cost_center_name character varying(200) NOT NULL,
    total_budget numeric(12,2) NOT NULL,
    air_budget numeric(12,2) NOT NULL,
    accommodation_budget numeric(12,2) NOT NULL,
    car_hire_budget numeric(12,2) NOT NULL,
    other_budget numeric(12,2) NOT NULL,
    currency character varying(3) NOT NULL,
    warning_threshold integer NOT NULL,
    critical_threshold integer NOT NULL,
    is_active boolean NOT NULL,
    notes text NOT NULL,
    created_at timestamp with time zone NOT NULL,
    updated_at timestamp with time zone NOT NULL,
    created_by_id uuid,
    fiscal_year_id uuid NOT NULL,
    organization_id uuid NOT NULL
);


ALTER TABLE public.budgets OWNER TO simoncrunden;

--
-- Name: car_hire_bookings; Type: TABLE; Schema: public; Owner: simoncrunden
--

CREATE TABLE public.car_hire_bookings (
    id uuid NOT NULL,
    rental_company character varying(100) NOT NULL,
    vehicle_type character varying(100) NOT NULL,
    vehicle_class character varying(50) NOT NULL,
    pickup_location character varying(200) NOT NULL,
    dropoff_location character varying(200) NOT NULL,
    pickup_city character varying(100) NOT NULL,
    pickup_date date NOT NULL,
    pickup_time time without time zone NOT NULL,
    dropoff_date date NOT NULL,
    dropoff_time time without time zone NOT NULL,
    number_of_days integer NOT NULL,
    daily_rate numeric(10,2) NOT NULL,
    currency character varying(3) NOT NULL,
    daily_rate_base numeric(10,2),
    total_amount_base numeric(10,2),
    booking_id uuid NOT NULL
);


ALTER TABLE public.car_hire_bookings OWNER TO simoncrunden;

--
-- Name: car_rental_companies; Type: TABLE; Schema: public; Owner: simoncrunden
--

CREATE TABLE public.car_rental_companies (
    id uuid NOT NULL,
    name character varying(200) NOT NULL,
    alternative_names jsonb NOT NULL,
    website character varying(200) NOT NULL,
    is_preferred boolean NOT NULL,
    tier character varying(20) NOT NULL,
    has_corporate_rate boolean NOT NULL,
    corporate_discount_percentage numeric(5,2),
    account_manager_name character varying(200) NOT NULL,
    account_manager_email character varying(254) NOT NULL,
    account_manager_phone character varying(20) NOT NULL,
    contract_start_date date,
    contract_end_date date,
    is_active boolean NOT NULL,
    notes text NOT NULL,
    created_at timestamp with time zone NOT NULL,
    updated_at timestamp with time zone NOT NULL
);


ALTER TABLE public.car_rental_companies OWNER TO simoncrunden;

--
-- Name: commissions; Type: TABLE; Schema: public; Owner: simoncrunden
--

CREATE TABLE public.commissions (
    id uuid NOT NULL,
    product_type character varying(20) NOT NULL,
    supplier_name character varying(200) NOT NULL,
    supplier_reference character varying(100) NOT NULL,
    commission_amount numeric(10,2) NOT NULL,
    currency character varying(3) NOT NULL,
    commission_amount_base numeric(10,2),
    exchange_rate numeric(12,6),
    exchange_rate_date date,
    booking_amount numeric(10,2),
    earned_date date NOT NULL,
    commission_period character varying(20) NOT NULL,
    notes text NOT NULL,
    created_at timestamp with time zone NOT NULL,
    updated_at timestamp with time zone NOT NULL,
    booking_id uuid NOT NULL,
    import_batch_id uuid,
    organization_id uuid NOT NULL
);


ALTER TABLE public.commissions OWNER TO simoncrunden;

--
-- Name: compliance_processing_logs; Type: TABLE; Schema: public; Owner: simoncrunden
--

CREATE TABLE public.compliance_processing_logs (
    id uuid NOT NULL,
    processing_type character varying(20) NOT NULL,
    status character varying(20) NOT NULL,
    start_date date,
    end_date date,
    booking_type character varying(20) NOT NULL,
    bookings_processed integer NOT NULL,
    violations_detected integer NOT NULL,
    violations_resolved integer NOT NULL,
    started_at timestamp with time zone NOT NULL,
    completed_at timestamp with time zone,
    error_message text NOT NULL,
    initiated_by_id uuid,
    organization_id uuid
);


ALTER TABLE public.compliance_processing_logs OWNER TO simoncrunden;

--
-- Name: compliance_rules; Type: TABLE; Schema: public; Owner: simoncrunden
--

CREATE TABLE public.compliance_rules (
    id uuid NOT NULL,
    rule_type character varying(30) NOT NULL,
    rule_name character varying(200) NOT NULL,
    rule_description text NOT NULL,
    product_type character varying(20) NOT NULL,
    rule_parameters jsonb NOT NULL,
    is_active boolean NOT NULL,
    is_enforced boolean NOT NULL,
    effective_from date NOT NULL,
    effective_until date,
    priority integer NOT NULL,
    created_at timestamp with time zone NOT NULL,
    updated_at timestamp with time zone NOT NULL,
    created_by_id uuid,
    organization_id uuid NOT NULL
);


ALTER TABLE public.compliance_rules OWNER TO simoncrunden;

--
-- Name: compliance_violations; Type: TABLE; Schema: public; Owner: simoncrunden
--

CREATE TABLE public.compliance_violations (
    id uuid NOT NULL,
    violation_type character varying(30) NOT NULL,
    violation_description text NOT NULL,
    severity character varying(20) NOT NULL,
    expected_amount numeric(10,2),
    actual_amount numeric(10,2),
    variance_amount numeric(10,2),
    currency character varying(3) NOT NULL,
    detected_at timestamp with time zone NOT NULL,
    detected_by character varying(50) NOT NULL,
    is_waived boolean NOT NULL,
    waived_at timestamp with time zone,
    waiver_reason text NOT NULL,
    created_at timestamp with time zone NOT NULL,
    updated_at timestamp with time zone NOT NULL,
    booking_id uuid NOT NULL,
    compliance_rule_id uuid,
    organization_id uuid NOT NULL,
    traveller_id uuid NOT NULL,
    waived_by_id uuid
);


ALTER TABLE public.compliance_violations OWNER TO simoncrunden;

--
-- Name: currency_exchange_rates; Type: TABLE; Schema: public; Owner: simoncrunden
--

CREATE TABLE public.currency_exchange_rates (
    id uuid NOT NULL,
    from_currency character varying(3) NOT NULL,
    to_currency character varying(3) NOT NULL,
    exchange_rate numeric(12,6) NOT NULL,
    rate_date date NOT NULL,
    rate_source character varying(100) NOT NULL,
    created_at timestamp with time zone NOT NULL,
    updated_at timestamp with time zone NOT NULL
);


ALTER TABLE public.currency_exchange_rates OWNER TO simoncrunden;

--
-- Name: django_admin_log; Type: TABLE; Schema: public; Owner: simoncrunden
--

CREATE TABLE public.django_admin_log (
    id integer NOT NULL,
    action_time timestamp with time zone NOT NULL,
    object_id text,
    object_repr character varying(200) NOT NULL,
    action_flag smallint NOT NULL,
    change_message text NOT NULL,
    content_type_id integer,
    user_id uuid NOT NULL,
    CONSTRAINT django_admin_log_action_flag_check CHECK ((action_flag >= 0))
);


ALTER TABLE public.django_admin_log OWNER TO simoncrunden;

--
-- Name: django_admin_log_id_seq; Type: SEQUENCE; Schema: public; Owner: simoncrunden
--

ALTER TABLE public.django_admin_log ALTER COLUMN id ADD GENERATED BY DEFAULT AS IDENTITY (
    SEQUENCE NAME public.django_admin_log_id_seq
    START WITH 1
    INCREMENT BY 1
    NO MINVALUE
    NO MAXVALUE
    CACHE 1
);


--
-- Name: django_content_type; Type: TABLE; Schema: public; Owner: simoncrunden
--

CREATE TABLE public.django_content_type (
    id integer NOT NULL,
    app_label character varying(100) NOT NULL,
    model character varying(100) NOT NULL
);


ALTER TABLE public.django_content_type OWNER TO simoncrunden;

--
-- Name: django_content_type_id_seq; Type: SEQUENCE; Schema: public; Owner: simoncrunden
--

ALTER TABLE public.django_content_type ALTER COLUMN id ADD GENERATED BY DEFAULT AS IDENTITY (
    SEQUENCE NAME public.django_content_type_id_seq
    START WITH 1
    INCREMENT BY 1
    NO MINVALUE
    NO MAXVALUE
    CACHE 1
);


--
-- Name: django_migrations; Type: TABLE; Schema: public; Owner: simoncrunden
--

CREATE TABLE public.django_migrations (
    id bigint NOT NULL,
    app character varying(255) NOT NULL,
    name character varying(255) NOT NULL,
    applied timestamp with time zone NOT NULL
);


ALTER TABLE public.django_migrations OWNER TO simoncrunden;

--
-- Name: django_migrations_id_seq; Type: SEQUENCE; Schema: public; Owner: simoncrunden
--

ALTER TABLE public.django_migrations ALTER COLUMN id ADD GENERATED BY DEFAULT AS IDENTITY (
    SEQUENCE NAME public.django_migrations_id_seq
    START WITH 1
    INCREMENT BY 1
    NO MINVALUE
    NO MAXVALUE
    CACHE 1
);


--
-- Name: django_session; Type: TABLE; Schema: public; Owner: simoncrunden
--

CREATE TABLE public.django_session (
    session_key character varying(40) NOT NULL,
    session_data text NOT NULL,
    expire_date timestamp with time zone NOT NULL
);


ALTER TABLE public.django_session OWNER TO simoncrunden;

--
-- Name: fiscal_years; Type: TABLE; Schema: public; Owner: simoncrunden
--

CREATE TABLE public.fiscal_years (
    id uuid NOT NULL,
    fiscal_year_type character varying(20) NOT NULL,
    year_label character varying(20) NOT NULL,
    start_date date NOT NULL,
    end_date date NOT NULL,
    is_active boolean NOT NULL,
    is_current boolean NOT NULL,
    created_at timestamp with time zone NOT NULL,
    updated_at timestamp with time zone NOT NULL,
    organization_id uuid NOT NULL
);


ALTER TABLE public.fiscal_years OWNER TO simoncrunden;

--
-- Name: high_risk_destinations; Type: TABLE; Schema: public; Owner: simoncrunden
--

CREATE TABLE public.high_risk_destinations (
    id uuid NOT NULL,
    destination_type character varying(20) NOT NULL,
    country_code character varying(3) NOT NULL,
    country_name character varying(100) NOT NULL,
    region_name character varying(200) NOT NULL,
    city_name character varying(100) NOT NULL,
    center_latitude numeric(9,6),
    center_longitude numeric(9,6),
    radius_km integer,
    risk_level character varying(20) NOT NULL,
    risk_description text NOT NULL,
    advisory_source character varying(200) NOT NULL,
    advisory_url character varying(200) NOT NULL,
    advisory_date date,
    approval_required boolean NOT NULL,
    allow_travel boolean NOT NULL,
    notify_immediately boolean NOT NULL,
    is_active boolean NOT NULL,
    effective_from date NOT NULL,
    effective_until date,
    created_at timestamp with time zone NOT NULL,
    updated_at timestamp with time zone NOT NULL,
    created_by_id uuid,
    organization_id uuid NOT NULL
);


ALTER TABLE public.high_risk_destinations OWNER TO simoncrunden;

--
-- Name: high_risk_destinations_notification_recipients; Type: TABLE; Schema: public; Owner: simoncrunden
--

CREATE TABLE public.high_risk_destinations_notification_recipients (
    id bigint NOT NULL,
    highriskdestination_id uuid NOT NULL,
    user_id uuid NOT NULL
);


ALTER TABLE public.high_risk_destinations_notification_recipients OWNER TO simoncrunden;

--
-- Name: high_risk_destinations_notification_recipients_id_seq; Type: SEQUENCE; Schema: public; Owner: simoncrunden
--

ALTER TABLE public.high_risk_destinations_notification_recipients ALTER COLUMN id ADD GENERATED BY DEFAULT AS IDENTITY (
    SEQUENCE NAME public.high_risk_destinations_notification_recipients_id_seq
    START WITH 1
    INCREMENT BY 1
    NO MINVALUE
    NO MAXVALUE
    CACHE 1
);


--
-- Name: hotel_chains; Type: TABLE; Schema: public; Owner: simoncrunden
--

CREATE TABLE public.hotel_chains (
    id uuid NOT NULL,
    name character varying(200) NOT NULL,
    alternative_names jsonb NOT NULL,
    website character varying(200) NOT NULL,
    is_preferred boolean NOT NULL,
    tier character varying(20) NOT NULL,
    has_corporate_rate boolean NOT NULL,
    corporate_discount_percentage numeric(5,2),
    account_manager_name character varying(200) NOT NULL,
    account_manager_email character varying(254) NOT NULL,
    account_manager_phone character varying(20) NOT NULL,
    contract_start_date date,
    contract_end_date date,
    is_active boolean NOT NULL,
    notes text NOT NULL,
    created_at timestamp with time zone NOT NULL,
    updated_at timestamp with time zone NOT NULL
);


ALTER TABLE public.hotel_chains OWNER TO simoncrunden;

--
-- Name: import_batches; Type: TABLE; Schema: public; Owner: simoncrunden
--

CREATE TABLE public.import_batches (
    id uuid NOT NULL,
    import_date date NOT NULL,
    import_type character varying(20) NOT NULL,
    file_name character varying(255) NOT NULL,
    status character varying(20) NOT NULL,
    records_processed integer NOT NULL,
    records_created integer NOT NULL,
    records_updated integer NOT NULL,
    records_unchanged integer NOT NULL,
    records_failed integer NOT NULL,
    error_log jsonb NOT NULL,
    started_at timestamp with time zone,
    completed_at timestamp with time zone,
    created_at timestamp with time zone NOT NULL,
    organization_id uuid NOT NULL
);


ALTER TABLE public.import_batches OWNER TO simoncrunden;

--
-- Name: invoices; Type: TABLE; Schema: public; Owner: simoncrunden
--

CREATE TABLE public.invoices (
    id uuid NOT NULL,
    invoice_number character varying(100) NOT NULL,
    invoice_date date NOT NULL,
    currency character varying(3) NOT NULL,
    invoice_amount numeric(10,2) NOT NULL,
    gst_amount numeric(10,2) NOT NULL,
    invoice_amount_base numeric(10,2),
    gst_amount_base numeric(10,2),
    exchange_rate numeric(12,6),
    exchange_rate_date date,
    payment_status character varying(20) NOT NULL,
    payment_date date,
    created_at timestamp with time zone NOT NULL,
    updated_at timestamp with time zone NOT NULL,
    booking_id uuid NOT NULL,
    import_batch_id uuid,
    organization_id uuid NOT NULL
);


ALTER TABLE public.invoices OWNER TO simoncrunden;

--
-- Name: organizations; Type: TABLE; Schema: public; Owner: simoncrunden
--

CREATE TABLE public.organizations (
    id uuid NOT NULL,
    name character varying(200) NOT NULL,
    org_type character varying(20) NOT NULL,
    code character varying(50) NOT NULL,
    contact_email character varying(254) NOT NULL,
    contact_phone character varying(20) NOT NULL,
    address text NOT NULL,
    base_currency character varying(3) NOT NULL,
    is_active boolean NOT NULL,
    created_at timestamp with time zone NOT NULL,
    updated_at timestamp with time zone NOT NULL,
    travel_agent_id uuid,
    ap_contact_email character varying(254) NOT NULL,
    ap_contact_name character varying(200) NOT NULL,
    ap_contact_phone character varying(20) NOT NULL,
    business_number character varying(50) NOT NULL,
    contact_name character varying(200) NOT NULL,
    contact_position character varying(100) NOT NULL,
    subscription_end date,
    subscription_start date,
    subscription_status character varying(20) NOT NULL
);


ALTER TABLE public.organizations OWNER TO simoncrunden;

--
-- Name: service_fees; Type: TABLE; Schema: public; Owner: simoncrunden
--

CREATE TABLE public.service_fees (
    id uuid NOT NULL,
    fee_type character varying(50) NOT NULL,
    fee_date date NOT NULL,
    currency character varying(3) NOT NULL,
    amount numeric(10,2) NOT NULL,
    gst_amount numeric(10,2) NOT NULL,
    amount_base numeric(10,2),
    gst_amount_base numeric(10,2),
    exchange_rate numeric(12,6),
    exchange_rate_date date,
    description text NOT NULL,
    created_at timestamp with time zone NOT NULL,
    updated_at timestamp with time zone NOT NULL,
    booking_id uuid,
    import_batch_id uuid,
    organization_id uuid NOT NULL,
    traveller_id uuid
);


ALTER TABLE public.service_fees OWNER TO simoncrunden;

--
-- Name: travel_risk_alerts; Type: TABLE; Schema: public; Owner: simoncrunden
--

CREATE TABLE public.travel_risk_alerts (
    id uuid NOT NULL,
    alert_status character varying(20) NOT NULL,
    risk_level_at_booking character varying(20) NOT NULL,
    matched_location character varying(200) NOT NULL,
    distance_from_center_km numeric(8,2),
    approval_requested_at timestamp with time zone NOT NULL,
    approval_notes text NOT NULL,
    approval_decision_at timestamp with time zone,
    approval_comments text NOT NULL,
    emergency_contact_verified boolean NOT NULL,
    travel_insurance_confirmed boolean NOT NULL,
    safety_briefing_completed boolean NOT NULL,
    traveller_notified boolean NOT NULL,
    traveller_notified_at timestamp with time zone,
    admins_notified boolean NOT NULL,
    admins_notified_at timestamp with time zone,
    created_at timestamp with time zone NOT NULL,
    updated_at timestamp with time zone NOT NULL,
    approved_by_id uuid,
    booking_id uuid NOT NULL,
    high_risk_destination_id uuid NOT NULL,
    organization_id uuid NOT NULL,
    traveller_id uuid NOT NULL
);


ALTER TABLE public.travel_risk_alerts OWNER TO simoncrunden;

--
-- Name: travellers; Type: TABLE; Schema: public; Owner: simoncrunden
--

CREATE TABLE public.travellers (
    id uuid NOT NULL,
    first_name character varying(100) NOT NULL,
    last_name character varying(100) NOT NULL,
    email character varying(254) NOT NULL,
    employee_id character varying(100) NOT NULL,
    department character varying(100) NOT NULL,
    cost_center character varying(100) NOT NULL,
    is_active boolean NOT NULL,
    created_at timestamp with time zone NOT NULL,
    updated_at timestamp with time zone NOT NULL,
    organization_id uuid NOT NULL,
    user_id uuid
);


ALTER TABLE public.travellers OWNER TO simoncrunden;

--
-- Name: user_profiles; Type: TABLE; Schema: public; Owner: simoncrunden
--

CREATE TABLE public.user_profiles (
    id bigint NOT NULL,
    home_country character varying(2) NOT NULL,
    default_filters jsonb NOT NULL,
    created_at timestamp with time zone NOT NULL,
    updated_at timestamp with time zone NOT NULL,
    user_id uuid NOT NULL
);


ALTER TABLE public.user_profiles OWNER TO simoncrunden;

--
-- Name: user_profiles_id_seq; Type: SEQUENCE; Schema: public; Owner: simoncrunden
--

ALTER TABLE public.user_profiles ALTER COLUMN id ADD GENERATED BY DEFAULT AS IDENTITY (
    SEQUENCE NAME public.user_profiles_id_seq
    START WITH 1
    INCREMENT BY 1
    NO MINVALUE
    NO MAXVALUE
    CACHE 1
);


--
-- Name: users; Type: TABLE; Schema: public; Owner: simoncrunden
--

CREATE TABLE public.users (
    password character varying(128) NOT NULL,
    last_login timestamp with time zone,
    is_superuser boolean NOT NULL,
    username character varying(150) NOT NULL,
    first_name character varying(150) NOT NULL,
    last_name character varying(150) NOT NULL,
    email character varying(254) NOT NULL,
    is_staff boolean NOT NULL,
    is_active boolean NOT NULL,
    date_joined timestamp with time zone NOT NULL,
    id uuid NOT NULL,
    user_type character varying(20) NOT NULL,
    phone character varying(20) NOT NULL,
    organization_id uuid
);


ALTER TABLE public.users OWNER TO simoncrunden;

--
-- Name: users_groups; Type: TABLE; Schema: public; Owner: simoncrunden
--

CREATE TABLE public.users_groups (
    id bigint NOT NULL,
    user_id uuid NOT NULL,
    group_id integer NOT NULL
);


ALTER TABLE public.users_groups OWNER TO simoncrunden;

--
-- Name: users_groups_id_seq; Type: SEQUENCE; Schema: public; Owner: simoncrunden
--

ALTER TABLE public.users_groups ALTER COLUMN id ADD GENERATED BY DEFAULT AS IDENTITY (
    SEQUENCE NAME public.users_groups_id_seq
    START WITH 1
    INCREMENT BY 1
    NO MINVALUE
    NO MAXVALUE
    CACHE 1
);


--
-- Name: users_user_permissions; Type: TABLE; Schema: public; Owner: simoncrunden
--

CREATE TABLE public.users_user_permissions (
    id bigint NOT NULL,
    user_id uuid NOT NULL,
    permission_id integer NOT NULL
);


ALTER TABLE public.users_user_permissions OWNER TO simoncrunden;

--
-- Name: users_user_permissions_id_seq; Type: SEQUENCE; Schema: public; Owner: simoncrunden
--

ALTER TABLE public.users_user_permissions ALTER COLUMN id ADD GENERATED BY DEFAULT AS IDENTITY (
    SEQUENCE NAME public.users_user_permissions_id_seq
    START WITH 1
    INCREMENT BY 1
    NO MINVALUE
    NO MAXVALUE
    CACHE 1
);


--
-- Data for Name: accommodation_bookings; Type: TABLE DATA; Schema: public; Owner: simoncrunden
--

COPY public.accommodation_bookings (id, hotel_name, hotel_chain, city, country, address, check_in_date, check_out_date, number_of_nights, room_type, nightly_rate, currency, nightly_rate_base, total_amount_base, booking_id) FROM stdin;
6a118bed-baf7-45b1-9b90-581adf0e6c28	Crown Towers Melbourne	Crown Resorts	Melbourne	Australia	8 Whiteman Street, Southbank VIC 3006	2025-10-20	2025-10-22	2	Deluxe Room	290.00	AUD	\N	\N	eb1da95f-db21-42e5-bec5-008f113f64e2
ef4b6009-72d1-44b9-a888-ca6963e550d4	Cordis Auckland	Cordis Hotels	Auckland	New Zealand	83 Symonds Street, Auckland	2025-11-15	2025-11-20	5	Superior Room	196.00	NZD	\N	\N	247193b4-7f07-4d27-ad78-95cce2f749bf
84bb2154-3bef-428e-8f51-346dd6ac22ed	Crown Towers Perth	Crown	Perth	Australia	Great Eastern Highway, Burswood WA 6100	2025-11-10	2025-11-13	3	Deluxe King Room	240.00	AUD	240.00	720.00	6867525f-e4e6-4327-8f16-f0ccdb8402b9
a149e3f5-9a23-4dee-afd2-d97c3e3c7085	Marina Bay Sands	Marina Bay Sands	Singapore	Singapore	0 Bayfront Avenue, Singapore	2025-10-15	2025-10-22	7	Deluxe Room	450.00	SGD	\N	\N	23fadf47-cbc4-42f0-a7de-78e55b514ae6
6704f99d-203f-4255-89ef-ab7c83c4561c	SkyCity Hotel Auckland	SkyCity	Auckland	New Zealand	Corner Victoria & Federal Streets, Auckland	2025-11-15	2025-11-20	5	Superior Room	180.00	NZD	\N	\N	4c64e1b4-0d45-4597-a10e-8647ab8cc085
5a99594f-fa0a-413b-afd1-46202e600b70	Marina Bay Sands	Marina Bay Sands	Singapore	Singapore	10 Bayfront Avenue, Singapore	2025-11-05	2025-11-12	7	Deluxe Garden View	240.00	SGD	\N	\N	3a48003a-8781-48d0-bd8a-bf65e2e73534
\.


--
-- Data for Name: air_bookings; Type: TABLE DATA; Schema: public; Owner: simoncrunden
--

COPY public.air_bookings (id, trip_type, travel_class, ticket_number, primary_airline_iata_code, primary_airline_name, origin_airport_iata_code, destination_airport_iata_code, lowest_fare_available, lowest_fare_currency, potential_savings, booking_id) FROM stdin;
3eb002a1-426e-4e2f-b5c5-c85f9c5e9922	RETURN	ECONOMY	QF-081-2345678901	QF	Qantas	SYD	MEL	\N		\N	dfa7e513-eabb-4474-87ae-865360193f88
46140ff8-54e9-43de-8d59-5a3a0089b839	ONE_WAY	BUSINESS	0812345678902	QF	Qantas Airways	SYD	BNE	\N		\N	c980a2dc-8903-4245-9606-d00ee8473cc7
6dbf7f6d-4296-4019-a555-a826b837c717	RETURN	ECONOMY	6183456789012	SQ	Singapore Airlines	SYD	SIN	\N		\N	23fadf47-cbc4-42f0-a7de-78e55b514ae6
be1167cf-2623-47f9-9893-5ada63217e5f	RETURN	ECONOMY	795-4567890123	VA	Virgin Australia	MEL	PER	\N		\N	33321d39-d1e0-4e7e-99bc-c674b7796bb8
\.


--
-- Data for Name: air_segments; Type: TABLE DATA; Schema: public; Owner: simoncrunden
--

COPY public.air_segments (id, segment_number, airline_iata_code, airline_name, flight_number, origin_airport_iata_code, destination_airport_iata_code, departure_date, departure_time, arrival_date, arrival_time, booking_class, fare_basis, distance_km, air_booking_id, carbon_emissions_kg) FROM stdin;
b4180ae4-8e44-4b15-9874-82f9251036b6	1	QF	Qantas	QF435	SYD	MEL	2025-10-20	08:30:00	2025-10-20	10:00:00	Y	YLRT	705	3eb002a1-426e-4e2f-b5c5-c85f9c5e9922	78.96
9eaa9c26-f5d0-4084-aa31-1a798233cce8	2	QF	Qantas	QF462	MEL	SYD	2025-10-22	18:15:00	2025-10-22	19:45:00	Y	YLRT	705	3eb002a1-426e-4e2f-b5c5-c85f9c5e9922	78.96
14e0a795-62f3-4bab-8aca-fc7cb8a714ef	1	QF	Qantas Airways	QF515	SYD	BNE	2025-10-03	14:00:00	2025-10-03	15:30:00	J	JFLEX	753	46140ff8-54e9-43de-8d59-5a3a0089b839	237.95
c8b90116-906f-41a3-a2de-074013dcb793	1	SQ	Singapore Airlines	SQ232	SYD	SIN	2025-10-15	10:30:00	2025-10-15	16:00:00	Y	YLWF	6293	6dbf7f6d-4296-4019-a555-a826b837c717	648.18
2c83fce4-59ef-4d36-be54-f9932aa1586b	2	SQ	Singapore Airlines	SQ231	SIN	SYD	2025-10-22	22:30:00	2025-10-23	08:30:00	Y	YLWF	6293	6dbf7f6d-4296-4019-a555-a826b837c717	648.18
1492fc9c-992e-4297-82aa-f03283667a28	1	VA	Virgin Australia	VA681	MEL	PER	2025-10-28	07:45:00	2025-10-28	10:45:00	Y	YLOW	2701	be1167cf-2623-47f9-9893-5ada63217e5f	305.21
aff6ce44-904c-4426-8eed-5be25faf0b94	2	VA	Virgin Australia	VA688	PER	MEL	2025-10-31	12:00:00	2025-10-31	18:00:00	Y	YLOW	2701	be1167cf-2623-47f9-9893-5ada63217e5f	305.21
\.


--
-- Data for Name: airlines; Type: TABLE DATA; Schema: public; Owner: simoncrunden
--

COPY public.airlines (iata_code, name, country, alliance) FROM stdin;
QF	Qantas Airways	Australia	Oneworld
VA	Virgin Australia	Australia	
JQ	Jetstar Airways	Australia	
NZ	Air New Zealand	New Zealand	Star Alliance
SQ	Singapore Airlines	Singapore	Star Alliance
EK	Emirates	United Arab Emirates	
BA	British Airways	United Kingdom	Oneworld
UA	United Airlines	United States	Star Alliance
\.


--
-- Data for Name: airports; Type: TABLE DATA; Schema: public; Owner: simoncrunden
--

COPY public.airports (iata_code, name, city, country, latitude, longitude, timezone) FROM stdin;
MEL	Melbourne Tullamarine Airport	Melbourne	Australia	-37.673333	144.843333	
BNE	Brisbane Airport	Brisbane	Australia	-27.384167	153.117500	
PER	Perth Airport	Perth	Australia	-31.940278	115.966944	
AKL	Auckland Airport	Auckland	New Zealand	-37.008056	174.791667	
SIN	Singapore Changi Airport	Singapore	Singapore	1.350189	103.994433	
NRT	Narita International Airport	Tokyo	Japan	35.764722	140.386389	
LAX	Los Angeles International Airport	Los Angeles	United States	33.942536	-118.408075	
LHR	London Heathrow Airport	London	United Kingdom	51.477500	-0.461389	
HKG	Hong Kong International Airport	Hong Kong	Hong Kong	22.308919	113.914603	
SYD	Sydney Kingsford Smith Airport	Sydney	Australia	-33.946111	151.177222	
\.


--
-- Data for Name: auth_group; Type: TABLE DATA; Schema: public; Owner: simoncrunden
--

COPY public.auth_group (id, name) FROM stdin;
\.


--
-- Data for Name: auth_group_permissions; Type: TABLE DATA; Schema: public; Owner: simoncrunden
--

COPY public.auth_group_permissions (id, group_id, permission_id) FROM stdin;
\.


--
-- Data for Name: auth_permission; Type: TABLE DATA; Schema: public; Owner: simoncrunden
--

COPY public.auth_permission (id, name, content_type_id, codename) FROM stdin;
1	Can add log entry	1	add_logentry
2	Can change log entry	1	change_logentry
3	Can delete log entry	1	delete_logentry
4	Can view log entry	1	view_logentry
5	Can add permission	2	add_permission
6	Can change permission	2	change_permission
7	Can delete permission	2	delete_permission
8	Can view permission	2	view_permission
9	Can add group	3	add_group
10	Can change group	3	change_group
11	Can delete group	3	delete_group
12	Can view group	3	view_group
13	Can add content type	4	add_contenttype
14	Can change content type	4	change_contenttype
15	Can delete content type	4	delete_contenttype
16	Can view content type	4	view_contenttype
17	Can add session	5	add_session
18	Can change session	5	change_session
19	Can delete session	5	delete_session
20	Can view session	5	view_session
21	Can add user	6	add_user
22	Can change user	6	change_user
23	Can delete user	6	delete_user
24	Can view user	6	view_user
25	Can add organization	7	add_organization
26	Can change organization	7	change_organization
27	Can delete organization	7	delete_organization
28	Can view organization	7	view_organization
29	Can add traveller	8	add_traveller
30	Can change traveller	8	change_traveller
31	Can delete traveller	8	delete_traveller
32	Can view traveller	8	view_traveller
33	Can add booking	9	add_booking
34	Can change booking	9	change_booking
35	Can delete booking	9	delete_booking
36	Can view booking	9	view_booking
37	Can add air booking	10	add_airbooking
38	Can change air booking	10	change_airbooking
39	Can delete air booking	10	delete_airbooking
40	Can view air booking	10	view_airbooking
41	Can add accommodation booking	11	add_accommodationbooking
42	Can change accommodation booking	11	change_accommodationbooking
43	Can delete accommodation booking	11	delete_accommodationbooking
44	Can view accommodation booking	11	view_accommodationbooking
45	Can add service fee	12	add_servicefee
46	Can change service fee	12	change_servicefee
47	Can delete service fee	12	delete_servicefee
48	Can view service fee	12	view_servicefee
49	Can add invoice	13	add_invoice
50	Can change invoice	13	change_invoice
51	Can delete invoice	13	delete_invoice
52	Can view invoice	13	view_invoice
53	Can add car hire booking	14	add_carhirebooking
54	Can change car hire booking	14	change_carhirebooking
55	Can delete car hire booking	14	delete_carhirebooking
56	Can view car hire booking	14	view_carhirebooking
57	Can add air segment	15	add_airsegment
58	Can change air segment	15	change_airsegment
59	Can delete air segment	15	delete_airsegment
60	Can view air segment	15	view_airsegment
61	Can add compliance rule	16	add_compliancerule
62	Can change compliance rule	16	change_compliancerule
63	Can delete compliance rule	16	delete_compliancerule
64	Can view compliance rule	16	view_compliancerule
65	Can add high risk destination	17	add_highriskdestination
66	Can change high risk destination	17	change_highriskdestination
67	Can delete high risk destination	17	delete_highriskdestination
68	Can view high risk destination	17	view_highriskdestination
69	Can add compliance violation	18	add_complianceviolation
70	Can change compliance violation	18	change_complianceviolation
71	Can delete compliance violation	18	delete_complianceviolation
72	Can view compliance violation	18	view_complianceviolation
73	Can add compliance processing log	19	add_complianceprocessinglog
74	Can change compliance processing log	19	change_complianceprocessinglog
75	Can delete compliance processing log	19	delete_complianceprocessinglog
76	Can view compliance processing log	19	view_complianceprocessinglog
77	Can add travel risk alert	20	add_travelriskalert
78	Can change travel risk alert	20	change_travelriskalert
79	Can delete travel risk alert	20	delete_travelriskalert
80	Can view travel risk alert	20	view_travelriskalert
81	Can add budget	21	add_budget
82	Can change budget	21	change_budget
83	Can delete budget	21	delete_budget
84	Can view budget	21	view_budget
85	Can add fiscal year	22	add_fiscalyear
86	Can change fiscal year	22	change_fiscalyear
87	Can delete fiscal year	22	delete_fiscalyear
88	Can view fiscal year	22	view_fiscalyear
89	Can add budget alert	23	add_budgetalert
90	Can change budget alert	23	change_budgetalert
91	Can delete budget alert	23	delete_budgetalert
92	Can view budget alert	23	view_budgetalert
93	Can add airline	24	add_airline
94	Can change airline	24	change_airline
95	Can delete airline	24	delete_airline
96	Can view airline	24	view_airline
97	Can add airport	25	add_airport
98	Can change airport	25	change_airport
99	Can delete airport	25	delete_airport
100	Can view airport	25	view_airport
101	Can add currency exchange rate	26	add_currencyexchangerate
102	Can change currency exchange rate	26	change_currencyexchangerate
103	Can delete currency exchange rate	26	delete_currencyexchangerate
104	Can view currency exchange rate	26	view_currencyexchangerate
105	Can add car rental company	27	add_carrentalcompany
106	Can change car rental company	27	change_carrentalcompany
107	Can delete car rental company	27	delete_carrentalcompany
108	Can view car rental company	27	view_carrentalcompany
109	Can add hotel chain	28	add_hotelchain
110	Can change hotel chain	28	change_hotelchain
111	Can delete hotel chain	28	delete_hotelchain
112	Can view hotel chain	28	view_hotelchain
113	Can add import batch	29	add_importbatch
114	Can change import batch	29	change_importbatch
115	Can delete import batch	29	delete_importbatch
116	Can view import batch	29	view_importbatch
117	Can add commission	30	add_commission
118	Can change commission	30	change_commission
119	Can delete commission	30	delete_commission
120	Can view commission	30	view_commission
121	Can add user profile	31	add_userprofile
122	Can change user profile	31	change_userprofile
123	Can delete user profile	31	delete_userprofile
124	Can view user profile	31	view_userprofile
\.


--
-- Data for Name: bookings; Type: TABLE DATA; Schema: public; Owner: simoncrunden
--

COPY public.bookings (id, agent_booking_reference, booking_type, booking_date, travel_date, return_date, status, currency, total_amount, base_fare, taxes, fees, created_at, updated_at, organization_id, traveller_id, supplier_reference, travel_arranger_id, travel_consultant_id, travel_arranger_text, travel_consultant_text, base_fare_base, exchange_rate, exchange_rate_date, fees_base, taxes_base, total_amount_base) FROM stdin;
33321d39-d1e0-4e7e-99bc-c674b7796bb8	GPT006	AIR	2025-10-10	2025-10-28	2025-10-31	CONFIRMED	AUD	1245.00	0.00	0.00	0.00	2025-10-27 12:51:45.168384+11	2025-10-27 13:57:43.224266+11	1925666a-ec35-48fc-8b1d-da0352809907	9cf6d07f-9dd6-4274-baa4-b7566f73f1be	VA1234	\N	\N			\N	\N	\N	\N	\N	\N
f1e6306f-574a-4c6e-a6c1-e18fe364c9b6	GPT007	AIR	2025-09-25	2025-10-30	\N	CONFIRMED	AUD	189.00	159.00	20.00	10.00	2025-10-16 12:45:41.940726+11	2025-10-27 13:58:29.013706+11	1925666a-ec35-48fc-8b1d-da0352809907	19ab31de-c4e2-4481-b2fb-d117d8d34d59	JQ523	\N	\N			\N	\N	\N	\N	\N	\N
9a4385c8-d1ab-4554-a22b-b451e3fc87fa	GPT008	AIR	2025-09-20	2025-11-05	2025-11-12	CONFIRMED	AUD	1850.00	1420.00	380.00	50.00	2025-10-16 12:38:52.397327+11	2025-10-27 13:59:04.712706+11	ca42bbe5-252b-4103-b748-caf30d4a3620	16a3983e-b10d-4346-9283-d47645b61c63	SQ231	\N	\N			\N	\N	\N	\N	\N	\N
3a48003a-8781-48d0-bd8a-bf65e2e73534	GPT008	HOTEL	2025-09-20	2025-11-05	2025-11-12	CONFIRMED	SGD	1680.00	1680.00	0.00	0.00	2025-10-16 12:51:06.096669+11	2025-10-27 13:59:24.118907+11	ca42bbe5-252b-4103-b748-caf30d4a3620	16a3983e-b10d-4346-9283-d47645b61c63	HTL-SIN-045	\N	\N			\N	\N	\N	\N	\N	\N
116c86f2-a270-4526-bc1f-008ca74e6d8e	GPT009	CAR	2025-09-30	2025-11-08	2025-11-11	CONFIRMED	AUD	285.00	285.00	0.00	0.00	2025-10-16 12:57:13.553988+11	2025-10-27 14:00:56.593725+11	1925666a-ec35-48fc-8b1d-da0352809907	9cf6d07f-9dd6-4274-baa4-b7566f73f1be	AVIS-PER-321	\N	\N			\N	\N	\N	\N	\N	\N
6867525f-e4e6-4327-8f16-f0ccdb8402b9	GPT010	HOTEL	2025-10-08	2025-11-10	2025-11-13	CONFIRMED	AUD	720.00	720.00	0.00	0.00	2025-10-16 12:53:36.684826+11	2025-10-27 14:04:15.03678+11	1925666a-ec35-48fc-8b1d-da0352809907	28f5581c-3780-47e7-9ad7-b31681d58ecf	HTL-PER-789	\N	\N			\N	\N	\N	\N	\N	\N
eb1da95f-db21-42e5-bec5-008f113f64e2	GTP001	HOTEL	2025-09-15	2025-10-20	2025-10-22	CONFIRMED	AUD	580.00	580.00	0.00	0.00	2025-10-16 12:49:28.912269+11	2025-10-27 13:35:37.165835+11	ca42bbe5-252b-4103-b748-caf30d4a3620	5a3fd38f-ef49-483f-9822-4e9232a7937c	HTL-MEL-001	\N	\N			\N	\N	\N	\N	\N	\N
dfa7e513-eabb-4474-87ae-865360193f88	GPT001	AIR	2025-09-15	2025-10-20	2025-10-22	CONFIRMED	AUD	485.00	398.00	67.00	20.00	2025-10-16 12:32:56.173567+11	2025-10-27 13:37:31.986285+11	ca42bbe5-252b-4103-b748-caf30d4a3620	5a3fd38f-ef49-483f-9822-4e9232a7937c	QF4356	\N	\N			\N	\N	\N	\N	\N	\N
8712ed43-5e41-400f-bbf8-e680607e5214	GTP002	CAR	2025-10-01	2025-10-25	2025-10-27	CONFIRMED	AUD	240.00	240.00	0.00	0.00	2025-10-16 12:54:51.466286+11	2025-10-27 13:39:16.337216+11	ca42bbe5-252b-4103-b748-caf30d4a3620	e23dc6c3-3518-4187-ad72-4748f38abaf5	HERTZ-MEL-456	\N	\N			\N	\N	\N	\N	\N	\N
0455ce7a-d2f3-4e51-b9c1-992fdaf0b943	GTP002	AIR	2025-10-01	2025-10-25	2025-10-27	CONFIRMED	AUD	420.00	345.00	55.00	20.00	2025-10-16 12:35:09.467801+11	2025-10-27 13:39:58.799248+11	ca42bbe5-252b-4103-b748-caf30d4a3620	e23dc6c3-3518-4187-ad72-4748f38abaf5	VA823	\N	\N			\N	\N	\N	\N	\N	\N
45a4b357-8bf4-4d8f-be6b-761faf2172a6	GPT003	AIR	2025-10-12	2025-10-18	2025-10-28	CONFIRMED	AUD	2890.00	2350.00	440.00	100.00	2025-10-16 12:44:26.760001+11	2025-10-27 13:55:50.512656+11	ca42bbe5-252b-4103-b748-caf30d4a3620	5a3fd38f-ef49-483f-9822-4e9232a7937c		\N	\N			\N	\N	\N	\N	\N	\N
23fadf47-cbc4-42f0-a7de-78e55b514ae6	GPT004	AIR	2025-09-30	2025-10-15	2025-10-23	CONFIRMED	AUD	2658.00	0.00	0.00	0.00	2025-10-27 12:45:28.995104+11	2025-10-27 13:56:04.147464+11	ca42bbe5-252b-4103-b748-caf30d4a3620	e23dc6c3-3518-4187-ad72-4748f38abaf5		\N	\N			\N	\N	\N	\N	\N	\N
54065282-8f83-43c6-9163-386f3936633a	GPT010	AIR	2025-10-08	2025-11-10	2025-11-13	CONFIRMED	AUD	685.00	558.00	97.00	30.00	2025-10-16 12:43:18.534339+11	2025-10-27 14:04:44.153185+11	1925666a-ec35-48fc-8b1d-da0352809907	28f5581c-3780-47e7-9ad7-b31681d58ecf	QF775	\N	\N			\N	\N	\N	\N	\N	\N
4c64e1b4-0d45-4597-a10e-8647ab8cc085	GPT011	AIR	2025-10-05	2025-11-15	2025-11-20	CONFIRMED	AUD	1240.00	980.00	210.00	50.00	2025-10-16 12:40:11.488043+11	2025-10-27 14:05:05.348928+11	1925666a-ec35-48fc-8b1d-da0352809907	0b4ca319-ba3d-40e5-8380-3d1398f49f40	NZ145	\N	\N			\N	\N	\N	\N	\N	\N
247193b4-7f07-4d27-ad78-95cce2f749bf	GPT011	HOTEL	2025-10-05	2025-11-15	2025-11-20	CONFIRMED	NZD	980.00	980.00	0.00	0.00	2025-10-16 12:52:36.706842+11	2025-10-27 14:05:30.800348+11	1925666a-ec35-48fc-8b1d-da0352809907	0b4ca319-ba3d-40e5-8380-3d1398f49f40	HTL-AKL-123	\N	\N			\N	\N	\N	\N	\N	\N
02249143-0440-4b4f-9e3d-a2ba97d0836e	GPT011	CAR	2025-10-05	2025-11-15	2025-11-20	CONFIRMED	NZD	420.00	420.00	0.00	0.00	2025-10-16 12:56:04.092838+11	2025-10-27 14:05:54.456768+11	1925666a-ec35-48fc-8b1d-da0352809907	0b4ca319-ba3d-40e5-8380-3d1398f49f40	BUDGET-AKL-789	\N	\N			\N	\N	\N	\N	\N	\N
5bf9db66-2c15-43a1-b773-9dbaa657e9ca	GPT012	AIR	2025-10-10	2025-11-18	2025-11-25	CONFIRMED	AUD	5680.00	4980.00	600.00	100.00	2025-10-16 12:41:45.911898+11	2025-10-27 14:06:45.188571+11	ca42bbe5-252b-4103-b748-caf30d4a3620	280d7145-2537-4220-b206-8744e2646f1f	QF25	\N	\N			\N	\N	\N	\N	\N	\N
c980a2dc-8903-4245-9606-d00ee8473cc7	GPT005	AIR	2025-10-01	2025-01-03	2025-01-03	CONFIRMED	AUD	569.00	0.00	0.00	0.00	2025-10-27 12:40:30.760366+11	2025-10-27 14:07:37.444193+11	1925666a-ec35-48fc-8b1d-da0352809907	28f5581c-3780-47e7-9ad7-b31681d58ecf		\N	\N			\N	\N	\N	\N	\N	\N
\.


--
-- Data for Name: budget_alerts; Type: TABLE DATA; Schema: public; Owner: simoncrunden
--

COPY public.budget_alerts (id, alert_type, percentage_used, amount_spent, notification_sent_at, is_acknowledged, acknowledged_at, created_at, acknowledged_by_id, budget_id) FROM stdin;
\.


--
-- Data for Name: budget_alerts_notified_users; Type: TABLE DATA; Schema: public; Owner: simoncrunden
--

COPY public.budget_alerts_notified_users (id, budgetalert_id, user_id) FROM stdin;
\.


--
-- Data for Name: budgets; Type: TABLE DATA; Schema: public; Owner: simoncrunden
--

COPY public.budgets (id, cost_center, cost_center_name, total_budget, air_budget, accommodation_budget, car_hire_budget, other_budget, currency, warning_threshold, critical_threshold, is_active, notes, created_at, updated_at, created_by_id, fiscal_year_id, organization_id) FROM stdin;
c63bda0b-3ca0-4a5b-a727-7e632b1a6b79	ENG-001	Engineering Department	150000.00	100000.00	35000.00	10000.00	5000.00	AUD	80	95	t		2025-10-16 12:27:23.057498+11	2025-10-16 12:27:23.057527+11	34f886bd-e116-477a-9222-3f8e2bd97d4e	105ae74a-df2b-426e-961a-95d201369148	ca42bbe5-252b-4103-b748-caf30d4a3620
0199bd24-f1f5-486f-8990-2ffa7cd5ee8c	SAL-001	Sales Department	200000.00	140000.00	45000.00	12000.00	3000.00	AUD	80	95	t		2025-10-16 12:28:57.814393+11	2025-10-16 12:28:57.814426+11	34f886bd-e116-477a-9222-3f8e2bd97d4e	105ae74a-df2b-426e-961a-95d201369148	ca42bbe5-252b-4103-b748-caf30d4a3620
33e98fa8-ed53-4614-bd38-ac4f809f408e	STO-001	Store Operations	80000.00	50000.00	22000.00	6000.00	2000.00	AUD	80	95	t		2025-10-16 12:30:01.991231+11	2025-10-16 12:30:01.991257+11	f4f0d648-c4c6-4788-b419-3c35d017331a	b940e2ff-5a12-443d-8f4e-65ab19e0866f	1925666a-ec35-48fc-8b1d-da0352809907
5a3c79c0-a2d0-4926-b13d-d1fc63780ec4	SUP-001	Supply Chain	120000.00	85000.00	25000.00	8000.00	2000.00	AUD	80	95	t		2025-10-16 12:31:02.983241+11	2025-10-16 12:31:02.983297+11	f4f0d648-c4c6-4788-b419-3c35d017331a	b940e2ff-5a12-443d-8f4e-65ab19e0866f	1925666a-ec35-48fc-8b1d-da0352809907
\.


--
-- Data for Name: car_hire_bookings; Type: TABLE DATA; Schema: public; Owner: simoncrunden
--

COPY public.car_hire_bookings (id, rental_company, vehicle_type, vehicle_class, pickup_location, dropoff_location, pickup_city, pickup_date, pickup_time, dropoff_date, dropoff_time, number_of_days, daily_rate, currency, daily_rate_base, total_amount_base, booking_id) FROM stdin;
466c5468-fb98-4a15-ae12-e4eb1facbf2b	Hertz	Compact	Economy	Melbourne Airport	Melbourne Airport	Melbourne	2025-10-25	10:00:00	2025-10-27	10:00:00	2	120.00	AUD	120.00	240.00	8712ed43-5e41-400f-bbf8-e680607e5214
b8a1f4c9-cb55-423e-ae2f-bb020301afcc	Budget	SUV	Intermediate SUV	Auckland Airport	Auckland Airport	Auckland	2025-11-15	14:00:00	2025-11-20	14:00:00	5	84.00	NZD	84.00	420.00	02249143-0440-4b4f-9e3d-a2ba97d0836e
77e9e7d3-26ca-4d7b-9ec4-97ab8c5ba0de	Avis	Sedan	Full Size	Perth Airport	Perth Airport	Perth	2025-11-08	09:00:00	2025-11-11	09:00:00	3	95.00	AUD	95.00	285.00	116c86f2-a270-4526-bc1f-008ca74e6d8e
\.


--
-- Data for Name: car_rental_companies; Type: TABLE DATA; Schema: public; Owner: simoncrunden
--

COPY public.car_rental_companies (id, name, alternative_names, website, is_preferred, tier, has_corporate_rate, corporate_discount_percentage, account_manager_name, account_manager_email, account_manager_phone, contract_start_date, contract_end_date, is_active, notes, created_at, updated_at) FROM stdin;
\.


--
-- Data for Name: commissions; Type: TABLE DATA; Schema: public; Owner: simoncrunden
--

COPY public.commissions (id, product_type, supplier_name, supplier_reference, commission_amount, currency, commission_amount_base, exchange_rate, exchange_rate_date, booking_amount, earned_date, commission_period, notes, created_at, updated_at, booking_id, import_batch_id, organization_id) FROM stdin;
\.


--
-- Data for Name: compliance_processing_logs; Type: TABLE DATA; Schema: public; Owner: simoncrunden
--

COPY public.compliance_processing_logs (id, processing_type, status, start_date, end_date, booking_type, bookings_processed, violations_detected, violations_resolved, started_at, completed_at, error_message, initiated_by_id, organization_id) FROM stdin;
\.


--
-- Data for Name: compliance_rules; Type: TABLE DATA; Schema: public; Owner: simoncrunden
--

COPY public.compliance_rules (id, rule_type, rule_name, rule_description, product_type, rule_parameters, is_active, is_enforced, effective_from, effective_until, priority, created_at, updated_at, created_by_id, organization_id) FROM stdin;
\.


--
-- Data for Name: compliance_violations; Type: TABLE DATA; Schema: public; Owner: simoncrunden
--

COPY public.compliance_violations (id, violation_type, violation_description, severity, expected_amount, actual_amount, variance_amount, currency, detected_at, detected_by, is_waived, waived_at, waiver_reason, created_at, updated_at, booking_id, compliance_rule_id, organization_id, traveller_id, waived_by_id) FROM stdin;
\.


--
-- Data for Name: currency_exchange_rates; Type: TABLE DATA; Schema: public; Owner: simoncrunden
--

COPY public.currency_exchange_rates (id, from_currency, to_currency, exchange_rate, rate_date, rate_source, created_at, updated_at) FROM stdin;
89d8d356-6614-4bf1-a5ab-c6a734ce8026	USD	AUD	1.520000	2025-10-16	Reserve Bank of Australia	2025-10-16 11:36:47.639109+11	2025-10-16 11:36:47.639137+11
685b9f8f-f872-4f88-b067-69a29d4966bc	NZD	AUD	0.920000	2025-10-16	Reserve Bank of Australia	2025-10-16 11:37:22.564335+11	2025-10-16 11:37:22.564366+11
a4104c9a-fa61-4a6c-b514-2c6ab9203e04	SGD	AUD	1.140000	2025-10-16	Reserve Bank of Australia	2025-10-16 11:38:01.357704+11	2025-10-16 11:38:01.357724+11
7f048603-37ce-4b22-8361-0117191525f5	GBP	AUD	1.980000	2025-10-16	Reserve Bank of Australia	2025-10-16 11:38:37.037271+11	2025-10-16 11:38:37.037289+11
8cd57243-4ff1-4ab3-a493-84744aa4fac0	JPY	AUD	0.010200	2025-10-16	Reserve Bank of Australia	2025-10-16 11:39:06.71463+11	2025-10-16 11:39:06.71465+11
\.


--
-- Data for Name: django_admin_log; Type: TABLE DATA; Schema: public; Owner: simoncrunden
--

COPY public.django_admin_log (id, action_time, object_id, object_repr, action_flag, change_message, content_type_id, user_id) FROM stdin;
1	2025-10-16 11:16:28.348001+11	56551183-153d-4c32-8816-ed089fa4797f	Global Travel Partners (GTP)	1	[{"added": {}}]	7	f68ffbc3-a20a-4450-9d9b-7c42621ee5b6
2	2025-10-16 11:17:04.961678+11	56551183-153d-4c32-8816-ed089fa4797f	Global Travel Partners (GTP)	2	[]	7	f68ffbc3-a20a-4450-9d9b-7c42621ee5b6
3	2025-10-16 11:19:33.815319+11	ca42bbe5-252b-4103-b748-caf30d4a3620	TechCorp Australia (TECH)	1	[{"added": {}}]	7	f68ffbc3-a20a-4450-9d9b-7c42621ee5b6
4	2025-10-16 11:26:55.205687+11	1925666a-ec35-48fc-8b1d-da0352809907	Retail Solutions Group (RSG)	1	[{"added": {}}]	7	f68ffbc3-a20a-4450-9d9b-7c42621ee5b6
5	2025-10-16 11:27:58.302953+11	SYD	SYD - Sydney Kingsford Smith Airport	1	[{"added": {}}]	25	f68ffbc3-a20a-4450-9d9b-7c42621ee5b6
6	2025-10-16 11:28:33.512667+11	MEL	MEL - Melbourne Tullamarine Airport	1	[{"added": {}}]	25	f68ffbc3-a20a-4450-9d9b-7c42621ee5b6
7	2025-10-16 11:28:52.932895+11	BNE	BNE - Brisbane Airport	1	[{"added": {}}]	25	f68ffbc3-a20a-4450-9d9b-7c42621ee5b6
8	2025-10-16 11:29:10.448639+11	PER	PER - Perth Airport	1	[{"added": {}}]	25	f68ffbc3-a20a-4450-9d9b-7c42621ee5b6
9	2025-10-16 11:29:33.064331+11	AKL	AKL - Auckland Airport	1	[{"added": {}}]	25	f68ffbc3-a20a-4450-9d9b-7c42621ee5b6
10	2025-10-16 11:30:00.946748+11	SIN	SIN - Singapore Changi Airport	1	[{"added": {}}]	25	f68ffbc3-a20a-4450-9d9b-7c42621ee5b6
11	2025-10-16 11:30:28.383136+11	NRT	NRT - Narita International Airport	1	[{"added": {}}]	25	f68ffbc3-a20a-4450-9d9b-7c42621ee5b6
12	2025-10-16 11:30:54.933804+11	LAX	LAX - Los Angeles International Airport	1	[{"added": {}}]	25	f68ffbc3-a20a-4450-9d9b-7c42621ee5b6
13	2025-10-16 11:31:23.09921+11	LHR	LHR - London Heathrow Airport	1	[{"added": {}}]	25	f68ffbc3-a20a-4450-9d9b-7c42621ee5b6
14	2025-10-16 11:31:58.740631+11	HKG	HKG - Hong Kong International Airport	1	[{"added": {}}]	25	f68ffbc3-a20a-4450-9d9b-7c42621ee5b6
15	2025-10-16 11:32:36.067871+11	QF	QF - Qantas Airways	1	[{"added": {}}]	24	f68ffbc3-a20a-4450-9d9b-7c42621ee5b6
16	2025-10-16 11:32:56.147642+11	VA	VA - Virgin Australia	1	[{"added": {}}]	24	f68ffbc3-a20a-4450-9d9b-7c42621ee5b6
17	2025-10-16 11:33:18.268614+11	JQ	JQ - Jetstar Airways	1	[{"added": {}}]	24	f68ffbc3-a20a-4450-9d9b-7c42621ee5b6
18	2025-10-16 11:33:43.130459+11	NZ	NZ - Air New Zealand	1	[{"added": {}}]	24	f68ffbc3-a20a-4450-9d9b-7c42621ee5b6
19	2025-10-16 11:34:07.832134+11	SQ	SQ - Singapore Airlines	1	[{"added": {}}]	24	f68ffbc3-a20a-4450-9d9b-7c42621ee5b6
20	2025-10-16 11:34:35.208236+11	EK	EK - Emirates	1	[{"added": {}}]	24	f68ffbc3-a20a-4450-9d9b-7c42621ee5b6
21	2025-10-16 11:35:00.70633+11	BA	BA - British Airways	1	[{"added": {}}]	24	f68ffbc3-a20a-4450-9d9b-7c42621ee5b6
22	2025-10-16 11:35:34.765435+11	UA	UA - United Airlines	1	[{"added": {}}]	24	f68ffbc3-a20a-4450-9d9b-7c42621ee5b6
23	2025-10-16 11:36:47.650648+11	89d8d356-6614-4bf1-a5ab-c6a734ce8026	USD/AUD: 1.520000 (2025-10-16)	1	[{"added": {}}]	26	f68ffbc3-a20a-4450-9d9b-7c42621ee5b6
24	2025-10-16 11:37:22.56658+11	685b9f8f-f872-4f88-b067-69a29d4966bc	NZD/AUD: 0.920000 (2025-10-16)	1	[{"added": {}}]	26	f68ffbc3-a20a-4450-9d9b-7c42621ee5b6
25	2025-10-16 11:38:01.359108+11	a4104c9a-fa61-4a6c-b514-2c6ab9203e04	SGD/AUD: 1.140000 (2025-10-16)	1	[{"added": {}}]	26	f68ffbc3-a20a-4450-9d9b-7c42621ee5b6
26	2025-10-16 11:38:37.037975+11	7f048603-37ce-4b22-8361-0117191525f5	GBP/AUD: 1.980000 (2025-10-16)	1	[{"added": {}}]	26	f68ffbc3-a20a-4450-9d9b-7c42621ee5b6
27	2025-10-16 11:39:06.715418+11	8cd57243-4ff1-4ab3-a493-84744aa4fac0	JPY/AUD: 0.010200 (2025-10-16)	1	[{"added": {}}]	26	f68ffbc3-a20a-4450-9d9b-7c42621ee5b6
28	2025-10-16 11:42:23.019822+11	f68ffbc3-a20a-4450-9d9b-7c42621ee5b6	simoncrunden (Platform Admin)	2	[{"changed": {"fields": ["First name", "Last name", "User type", "Phone"]}}]	6	f68ffbc3-a20a-4450-9d9b-7c42621ee5b6
29	2025-10-16 12:08:39.445484+11	ac339558-780a-4b24-8b39-68f0fa3d1fce	sarah.miller (Travel Agent Admin)	1	[{"added": {}}]	6	f68ffbc3-a20a-4450-9d9b-7c42621ee5b6
30	2025-10-16 12:09:47.915749+11	ac339558-780a-4b24-8b39-68f0fa3d1fce	sarah.miller (Travel Agent Admin)	2	[{"changed": {"fields": ["First name", "Last name", "Email address", "Staff status"]}}]	6	f68ffbc3-a20a-4450-9d9b-7c42621ee5b6
31	2025-10-16 12:10:49.334943+11	802659fb-d25f-4086-b84f-19a6990a1dd4	james.wong (Travel Agent User)	1	[{"added": {}}]	6	f68ffbc3-a20a-4450-9d9b-7c42621ee5b6
32	2025-10-16 12:11:21.690316+11	802659fb-d25f-4086-b84f-19a6990a1dd4	james.wong (Travel Agent User)	2	[{"changed": {"fields": ["First name", "Last name", "Email address"]}}]	6	f68ffbc3-a20a-4450-9d9b-7c42621ee5b6
33	2025-10-16 12:12:13.393626+11	34f886bd-e116-477a-9222-3f8e2bd97d4e	emma.davis (Customer Admin)	1	[{"added": {}}]	6	f68ffbc3-a20a-4450-9d9b-7c42621ee5b6
34	2025-10-16 12:12:40.034083+11	34f886bd-e116-477a-9222-3f8e2bd97d4e	emma.davis (Customer Admin)	2	[{"changed": {"fields": ["First name", "Last name", "Email address"]}}]	6	f68ffbc3-a20a-4450-9d9b-7c42621ee5b6
35	2025-10-16 12:13:21.640027+11	53041573-3dff-49fb-8009-62ec0b9f3a87	michael.chen (Customer Risk Manager)	1	[{"added": {}}]	6	f68ffbc3-a20a-4450-9d9b-7c42621ee5b6
36	2025-10-16 12:13:43.878808+11	53041573-3dff-49fb-8009-62ec0b9f3a87	michael.chen (Customer Risk Manager)	2	[{"changed": {"fields": ["First name", "Last name", "Email address"]}}]	6	f68ffbc3-a20a-4450-9d9b-7c42621ee5b6
37	2025-10-16 12:15:23.020258+11	f4f0d648-c4c6-4788-b419-3c35d017331a	olivia.brown (Customer Admin)	1	[{"added": {}}]	6	f68ffbc3-a20a-4450-9d9b-7c42621ee5b6
38	2025-10-16 12:15:41.397327+11	f4f0d648-c4c6-4788-b419-3c35d017331a	olivia.brown (Customer Admin)	2	[{"changed": {"fields": ["First name", "Last name", "Email address"]}}]	6	f68ffbc3-a20a-4450-9d9b-7c42621ee5b6
39	2025-10-16 12:16:37.137443+11	ff552147-2820-4d8a-8be5-c19a388e7042	liam.taylor (End Customer)	1	[{"added": {}}]	6	f68ffbc3-a20a-4450-9d9b-7c42621ee5b6
40	2025-10-16 12:17:03.581721+11	ff552147-2820-4d8a-8be5-c19a388e7042	liam.taylor (End Customer)	2	[{"changed": {"fields": ["First name", "Last name", "Email address"]}}]	6	f68ffbc3-a20a-4450-9d9b-7c42621ee5b6
41	2025-10-16 12:18:27.975953+11	5a3fd38f-ef49-483f-9822-4e9232a7937c	Jennifer Wilson	1	[{"added": {}}]	8	f68ffbc3-a20a-4450-9d9b-7c42621ee5b6
42	2025-10-16 12:19:16.979557+11	e23dc6c3-3518-4187-ad72-4748f38abaf5	David Anderson	1	[{"added": {}}]	8	f68ffbc3-a20a-4450-9d9b-7c42621ee5b6
43	2025-10-16 12:20:12.440992+11	16a3983e-b10d-4346-9283-d47645b61c63	Sophie Martinez	1	[{"added": {}}]	8	f68ffbc3-a20a-4450-9d9b-7c42621ee5b6
44	2025-10-16 12:20:47.871252+11	280d7145-2537-4220-b206-8744e2646f1f	Robert Thompson	1	[{"added": {}}]	8	f68ffbc3-a20a-4450-9d9b-7c42621ee5b6
45	2025-10-16 12:21:32.141001+11	0b4ca319-ba3d-40e5-8380-3d1398f49f40	Emily White	1	[{"added": {}}]	8	f68ffbc3-a20a-4450-9d9b-7c42621ee5b6
46	2025-10-16 12:22:13.204886+11	28f5581c-3780-47e7-9ad7-b31681d58ecf	Daniel Harris	1	[{"added": {}}]	8	f68ffbc3-a20a-4450-9d9b-7c42621ee5b6
47	2025-10-16 12:23:02.608796+11	19ab31de-c4e2-4481-b2fb-d117d8d34d59	Rachel Clark	1	[{"added": {}}]	8	f68ffbc3-a20a-4450-9d9b-7c42621ee5b6
48	2025-10-16 12:23:51.47404+11	9cf6d07f-9dd6-4274-baa4-b7566f73f1be	Thomas Lewis	1	[{"added": {}}]	8	f68ffbc3-a20a-4450-9d9b-7c42621ee5b6
49	2025-10-16 12:24:56.010985+11	105ae74a-df2b-426e-961a-95d201369148	TechCorp Australia - FY2024-25	1	[{"added": {}}]	22	f68ffbc3-a20a-4450-9d9b-7c42621ee5b6
50	2025-10-16 12:25:37.806382+11	b940e2ff-5a12-443d-8f4e-65ab19e0866f	Retail Solutions Group - FY2024-25	1	[{"added": {}}]	22	f68ffbc3-a20a-4450-9d9b-7c42621ee5b6
51	2025-10-16 12:27:23.063935+11	c63bda0b-3ca0-4a5b-a727-7e632b1a6b79	TechCorp Australia - ENG-001 (FY2024-25)	1	[{"added": {}}]	21	f68ffbc3-a20a-4450-9d9b-7c42621ee5b6
52	2025-10-16 12:28:57.816728+11	0199bd24-f1f5-486f-8990-2ffa7cd5ee8c	TechCorp Australia - SAL-001 (FY2024-25)	1	[{"added": {}}]	21	f68ffbc3-a20a-4450-9d9b-7c42621ee5b6
53	2025-10-16 12:30:01.992716+11	33e98fa8-ed53-4614-bd38-ac4f809f408e	Retail Solutions Group - STO-001 (FY2024-25)	1	[{"added": {}}]	21	f68ffbc3-a20a-4450-9d9b-7c42621ee5b6
54	2025-10-16 12:31:02.985729+11	5a3c79c0-a2d0-4926-b13d-d1fc63780ec4	Retail Solutions Group - SUP-001 (FY2024-25)	1	[{"added": {}}]	21	f68ffbc3-a20a-4450-9d9b-7c42621ee5b6
55	2025-10-16 12:32:56.182883+11	dfa7e513-eabb-4474-87ae-865360193f88	QF4356 - Jennifer Wilson	1	[{"added": {}}]	9	f68ffbc3-a20a-4450-9d9b-7c42621ee5b6
56	2025-10-16 12:35:09.469619+11	0455ce7a-d2f3-4e51-b9c1-992fdaf0b943	VA823 - David Anderson	1	[{"added": {}}]	9	f68ffbc3-a20a-4450-9d9b-7c42621ee5b6
57	2025-10-16 12:38:52.399349+11	9a4385c8-d1ab-4554-a22b-b451e3fc87fa	SQ231 - Sophie Martinez	1	[{"added": {}}]	9	f68ffbc3-a20a-4450-9d9b-7c42621ee5b6
58	2025-10-16 12:40:11.490463+11	4c64e1b4-0d45-4597-a10e-8647ab8cc085	NZ145 - Emily White	1	[{"added": {}}]	9	f68ffbc3-a20a-4450-9d9b-7c42621ee5b6
59	2025-10-16 12:41:45.913724+11	5bf9db66-2c15-43a1-b773-9dbaa657e9ca	QF25 - Robert Thompson	1	[{"added": {}}]	9	f68ffbc3-a20a-4450-9d9b-7c42621ee5b6
60	2025-10-16 12:43:18.53747+11	54065282-8f83-43c6-9163-386f3936633a	QF775 - Daniel Harris	1	[{"added": {}}]	9	f68ffbc3-a20a-4450-9d9b-7c42621ee5b6
61	2025-10-16 12:44:26.761875+11	45a4b357-8bf4-4d8f-be6b-761faf2172a6	UA840 - Jennifer Wilson	1	[{"added": {}}]	9	f68ffbc3-a20a-4450-9d9b-7c42621ee5b6
62	2025-10-16 12:45:41.943315+11	f1e6306f-574a-4c6e-a6c1-e18fe364c9b6	JQ523 - Rachel Clark	1	[{"added": {}}]	9	f68ffbc3-a20a-4450-9d9b-7c42621ee5b6
63	2025-10-16 12:49:28.915831+11	eb1da95f-db21-42e5-bec5-008f113f64e2	HTL-MEL-001 - Jennifer Wilson	1	[{"added": {}}]	9	f68ffbc3-a20a-4450-9d9b-7c42621ee5b6
64	2025-10-16 12:51:06.124989+11	3a48003a-8781-48d0-bd8a-bf65e2e73534	HTL-SIN-045 - Sophie Martinez	1	[{"added": {}}]	9	f68ffbc3-a20a-4450-9d9b-7c42621ee5b6
65	2025-10-16 12:52:36.709766+11	247193b4-7f07-4d27-ad78-95cce2f749bf	HTL-AKL-123 - Emily White	1	[{"added": {}}]	9	f68ffbc3-a20a-4450-9d9b-7c42621ee5b6
66	2025-10-16 12:53:36.68778+11	6867525f-e4e6-4327-8f16-f0ccdb8402b9	HTL-PER-789 - Daniel Harris	1	[{"added": {}}]	9	f68ffbc3-a20a-4450-9d9b-7c42621ee5b6
67	2025-10-16 12:54:51.46851+11	8712ed43-5e41-400f-bbf8-e680607e5214	HERTZ-MEL-456 - David Anderson	1	[{"added": {}}]	9	f68ffbc3-a20a-4450-9d9b-7c42621ee5b6
68	2025-10-16 12:56:04.094618+11	02249143-0440-4b4f-9e3d-a2ba97d0836e	BUDGET-AKL-789 - Emily White	1	[{"added": {}}]	9	f68ffbc3-a20a-4450-9d9b-7c42621ee5b6
69	2025-10-16 12:57:13.556438+11	116c86f2-a270-4526-bc1f-008ca74e6d8e	AVIS-PER-321 - Thomas Lewis	1	[{"added": {}}]	9	f68ffbc3-a20a-4450-9d9b-7c42621ee5b6
70	2025-10-16 12:57:32.363343+11	8712ed43-5e41-400f-bbf8-e680607e5214	HERTZ-MEL-456 - David Anderson	2	[{"changed": {"fields": ["Base fare"]}}]	9	f68ffbc3-a20a-4450-9d9b-7c42621ee5b6
71	2025-10-16 12:57:51.22873+11	02249143-0440-4b4f-9e3d-a2ba97d0836e	BUDGET-AKL-789 - Emily White	2	[{"changed": {"fields": ["Base fare"]}}]	9	f68ffbc3-a20a-4450-9d9b-7c42621ee5b6
72	2025-10-16 12:57:57.27127+11	116c86f2-a270-4526-bc1f-008ca74e6d8e	AVIS-PER-321 - Thomas Lewis	2	[]	9	f68ffbc3-a20a-4450-9d9b-7c42621ee5b6
73	2025-10-16 12:58:13.695274+11	eb1da95f-db21-42e5-bec5-008f113f64e2	HTL-MEL-001 - Jennifer Wilson	2	[{"changed": {"fields": ["Base fare"]}}]	9	f68ffbc3-a20a-4450-9d9b-7c42621ee5b6
74	2025-10-16 12:58:23.179945+11	6867525f-e4e6-4327-8f16-f0ccdb8402b9	HTL-PER-789 - Daniel Harris	2	[{"changed": {"fields": ["Base fare"]}}]	9	f68ffbc3-a20a-4450-9d9b-7c42621ee5b6
75	2025-10-16 12:58:32.668339+11	3a48003a-8781-48d0-bd8a-bf65e2e73534	HTL-SIN-045 - Sophie Martinez	2	[{"changed": {"fields": ["Base fare"]}}]	9	f68ffbc3-a20a-4450-9d9b-7c42621ee5b6
76	2025-10-16 12:58:40.53807+11	247193b4-7f07-4d27-ad78-95cce2f749bf	HTL-AKL-123 - Emily White	2	[{"changed": {"fields": ["Base fare"]}}]	9	f68ffbc3-a20a-4450-9d9b-7c42621ee5b6
77	2025-10-16 17:26:44.354398+11	f1e6306f-574a-4c6e-a6c1-e18fe364c9b6	JQ523 - Rachel Clark	2	[]	9	f68ffbc3-a20a-4450-9d9b-7c42621ee5b6
78	2025-10-16 17:52:46.761976+11	eb1da95f-db21-42e5-bec5-008f113f64e2	HTL-MEL-001 - Jennifer Wilson	2	[]	9	f68ffbc3-a20a-4450-9d9b-7c42621ee5b6
79	2025-10-16 17:53:19.437795+11	f1e6306f-574a-4c6e-a6c1-e18fe364c9b6	JQ523 - Rachel Clark	2	[{"changed": {"fields": ["Return date"]}}]	9	f68ffbc3-a20a-4450-9d9b-7c42621ee5b6
80	2025-10-16 17:53:25.589952+11	f1e6306f-574a-4c6e-a6c1-e18fe364c9b6	JQ523 - Rachel Clark	2	[]	9	f68ffbc3-a20a-4450-9d9b-7c42621ee5b6
81	2025-10-16 17:53:30.742145+11	eb1da95f-db21-42e5-bec5-008f113f64e2	HTL-MEL-001 - Jennifer Wilson	2	[]	9	f68ffbc3-a20a-4450-9d9b-7c42621ee5b6
82	2025-10-16 17:53:34.735124+11	dfa7e513-eabb-4474-87ae-865360193f88	QF4356 - Jennifer Wilson	2	[]	9	f68ffbc3-a20a-4450-9d9b-7c42621ee5b6
83	2025-10-16 17:53:38.184861+11	9a4385c8-d1ab-4554-a22b-b451e3fc87fa	SQ231 - Sophie Martinez	2	[]	9	f68ffbc3-a20a-4450-9d9b-7c42621ee5b6
84	2025-10-16 17:53:43.332861+11	8712ed43-5e41-400f-bbf8-e680607e5214	HERTZ-MEL-456 - David Anderson	2	[]	9	f68ffbc3-a20a-4450-9d9b-7c42621ee5b6
85	2025-10-16 17:53:47.991621+11	5bf9db66-2c15-43a1-b773-9dbaa657e9ca	QF25 - Robert Thompson	2	[]	9	f68ffbc3-a20a-4450-9d9b-7c42621ee5b6
86	2025-10-16 17:53:56.381857+11	f1e6306f-574a-4c6e-a6c1-e18fe364c9b6	JQ523 - Rachel Clark	2	[{"changed": {"fields": ["Return date"]}}]	9	f68ffbc3-a20a-4450-9d9b-7c42621ee5b6
87	2025-10-17 09:37:03.356428+11	f1e6306f-574a-4c6e-a6c1-e18fe364c9b6	JQ523 - Global Travel Partners	2	[]	9	f68ffbc3-a20a-4450-9d9b-7c42621ee5b6
88	2025-10-17 09:41:34.988369+11	3eb002a1-426e-4e2f-b5c5-c85f9c5e9922	QF4356 - SYD to MEL	1	[{"added": {}}]	10	f68ffbc3-a20a-4450-9d9b-7c42621ee5b6
89	2025-10-17 09:43:27.276818+11	b4180ae4-8e44-4b15-9874-82f9251036b6	AirSegment object (b4180ae4-8e44-4b15-9874-82f9251036b6)	1	[{"added": {}}]	15	f68ffbc3-a20a-4450-9d9b-7c42621ee5b6
90	2025-10-17 10:20:21.919828+11	SYD	SYD - Sydney Kingsford Smith Airport	2	[]	25	f68ffbc3-a20a-4450-9d9b-7c42621ee5b6
91	2025-10-17 10:24:10.110818+11	b4180ae4-8e44-4b15-9874-82f9251036b6	AirSegment object (b4180ae4-8e44-4b15-9874-82f9251036b6)	2	[]	15	f68ffbc3-a20a-4450-9d9b-7c42621ee5b6
92	2025-10-17 10:58:41.02475+11	b4180ae4-8e44-4b15-9874-82f9251036b6	AirSegment object (b4180ae4-8e44-4b15-9874-82f9251036b6)	2	[]	15	f68ffbc3-a20a-4450-9d9b-7c42621ee5b6
93	2025-10-17 11:07:26.356161+11	b4180ae4-8e44-4b15-9874-82f9251036b6	AirSegment object (b4180ae4-8e44-4b15-9874-82f9251036b6)	2	[]	15	f68ffbc3-a20a-4450-9d9b-7c42621ee5b6
94	2025-10-17 14:35:30.15548+11	91a12ff3-b9af-4c01-bdf5-1c83a81158fa	admin (Platform Admin)	2	[{"changed": {"fields": ["User type"]}}]	6	f68ffbc3-a20a-4450-9d9b-7c42621ee5b6
95	2025-10-24 15:30:30.357294+11	6ffe5565-5502-491d-be2b-c84f23017f10	HTL-MEL-001 - Little Drifter Melbourne CBD	1	[{"added": {}}]	11	f68ffbc3-a20a-4450-9d9b-7c42621ee5b6
96	2025-10-24 15:30:50.787498+11	6ffe5565-5502-491d-be2b-c84f23017f10	HTL-MEL-001 - Little Drifter Melbourne CBD	2	[{"changed": {"fields": ["Nightly rate base", "Total amount base"]}}]	11	f68ffbc3-a20a-4450-9d9b-7c42621ee5b6
97	2025-10-24 15:51:43.468031+11	6ffe5565-5502-491d-be2b-c84f23017f10	HTL-MEL-001 - Little Drifter Melbourne CBD	3		11	f68ffbc3-a20a-4450-9d9b-7c42621ee5b6
98	2025-10-24 15:53:07.716486+11	6a118bed-baf7-45b1-9b90-581adf0e6c28	HTL-MEL-001 - Crown Towers Melbourne	1	[{"added": {}}]	11	f68ffbc3-a20a-4450-9d9b-7c42621ee5b6
99	2025-10-24 15:54:39.218947+11	5a99594f-fa0a-413b-afd1-46202e600b70	HTL-SIN-045 - Marina Bay Sands	1	[{"added": {}}]	11	f68ffbc3-a20a-4450-9d9b-7c42621ee5b6
100	2025-10-24 15:56:03.827359+11	ef4b6009-72d1-44b9-a888-ca6963e550d4	HTL-AKL-123 - Cordis Auckland	1	[{"added": {}}]	11	f68ffbc3-a20a-4450-9d9b-7c42621ee5b6
101	2025-10-24 15:57:03.668156+11	84bb2154-3bef-428e-8f51-346dd6ac22ed	HTL-PER-789 - Crown Perth	1	[{"added": {}}]	11	f68ffbc3-a20a-4450-9d9b-7c42621ee5b6
102	2025-10-24 17:04:27.036357+11	466c5468-fb98-4a15-ae12-e4eb1facbf2b	HERTZ-MEL-456 - Hertz	1	[{"added": {}}]	14	f68ffbc3-a20a-4450-9d9b-7c42621ee5b6
103	2025-10-24 17:06:03.270287+11	b8a1f4c9-cb55-423e-ae2f-bb020301afcc	BUDGET-AKL-789 - Budget	1	[{"added": {}}]	14	f68ffbc3-a20a-4450-9d9b-7c42621ee5b6
104	2025-10-24 17:07:21.553317+11	77e9e7d3-26ca-4d7b-9ec4-97ab8c5ba0de	AVIS-PER-321 - Avis	1	[{"added": {}}]	14	f68ffbc3-a20a-4450-9d9b-7c42621ee5b6
105	2025-10-26 15:54:26.209026+11	9392b76c-d327-4a26-bdbf-198d3dc215c2	BOOKING_ONLINE_DOM - 25.00 AUD	1	[{"added": {}}]	12	91a12ff3-b9af-4c01-bdf5-1c83a81158fa
106	2025-10-26 15:55:35.754031+11	f2739990-3bc7-4960-9795-2662223e2b37	BOOKING_OFFLINE_DOM - 45.00 AUD	1	[{"added": {}}]	12	91a12ff3-b9af-4c01-bdf5-1c83a81158fa
107	2025-10-26 15:56:34.645816+11	49b00db7-ff3b-4967-82a2-5aac3299bbfb	CHANGE_FEE - 75.00 AUD	1	[{"added": {}}]	12	91a12ff3-b9af-4c01-bdf5-1c83a81158fa
108	2025-10-26 15:58:07.452791+11	8ca85cb9-743f-4bea-8bbd-e30d0b23315d	BOOKING_ONLINE_DOM - 25.00 AUD	1	[{"added": {}}]	12	91a12ff3-b9af-4c01-bdf5-1c83a81158fa
109	2025-10-26 15:59:48.306797+11	63ee4c22-39ba-44da-a730-55d9cf4de6a6	REFUND_FEE - 150 AUD	1	[{"added": {}}]	12	91a12ff3-b9af-4c01-bdf5-1c83a81158fa
110	2025-10-26 16:01:02.985767+11	f2739990-3bc7-4960-9795-2662223e2b37	BOOKING_OFFLINE_DOM - 45.00 AUD	2	[{"changed": {"fields": ["Fee date"]}}]	12	91a12ff3-b9af-4c01-bdf5-1c83a81158fa
111	2025-10-26 16:01:21.039014+11	9392b76c-d327-4a26-bdbf-198d3dc215c2	BOOKING_ONLINE_DOM - 25.00 AUD	2	[{"changed": {"fields": ["Fee date"]}}]	12	91a12ff3-b9af-4c01-bdf5-1c83a81158fa
112	2025-10-26 17:22:59.147186+11	b4180ae4-8e44-4b15-9874-82f9251036b6	AirSegment object (b4180ae4-8e44-4b15-9874-82f9251036b6)	2	[]	15	91a12ff3-b9af-4c01-bdf5-1c83a81158fa
113	2025-10-27 12:37:49.140963+11	9eaa9c26-f5d0-4084-aa31-1a798233cce8	AirSegment object (9eaa9c26-f5d0-4084-aa31-1a798233cce8)	2	[]	15	91a12ff3-b9af-4c01-bdf5-1c83a81158fa
114	2025-10-27 12:37:55.754632+11	b4180ae4-8e44-4b15-9874-82f9251036b6	AirSegment object (b4180ae4-8e44-4b15-9874-82f9251036b6)	2	[]	15	91a12ff3-b9af-4c01-bdf5-1c83a81158fa
115	2025-10-27 12:38:00.87309+11	9eaa9c26-f5d0-4084-aa31-1a798233cce8	AirSegment object (9eaa9c26-f5d0-4084-aa31-1a798233cce8)	2	[{"changed": {"fields": ["Carbon emissions kg"]}}]	15	91a12ff3-b9af-4c01-bdf5-1c83a81158fa
116	2025-10-27 12:40:30.771337+11	c980a2dc-8903-4245-9606-d00ee8473cc7	QF7812 - Global Travel Partners	1	[{"added": {}}]	9	91a12ff3-b9af-4c01-bdf5-1c83a81158fa
117	2025-10-27 12:41:36.955421+11	46140ff8-54e9-43de-8d59-5a3a0089b839	QF7812 - SYD to BNE	1	[{"added": {}}]	10	91a12ff3-b9af-4c01-bdf5-1c83a81158fa
118	2025-10-27 12:43:09.831861+11	14e0a795-62f3-4bab-8aca-fc7cb8a714ef	AirSegment object (14e0a795-62f3-4bab-8aca-fc7cb8a714ef)	1	[{"added": {}}]	15	91a12ff3-b9af-4c01-bdf5-1c83a81158fa
119	2025-10-27 12:43:17.318207+11	14e0a795-62f3-4bab-8aca-fc7cb8a714ef	AirSegment object (14e0a795-62f3-4bab-8aca-fc7cb8a714ef)	2	[]	15	91a12ff3-b9af-4c01-bdf5-1c83a81158fa
120	2025-10-27 12:43:32.015278+11	14e0a795-62f3-4bab-8aca-fc7cb8a714ef	AirSegment object (14e0a795-62f3-4bab-8aca-fc7cb8a714ef)	2	[]	15	91a12ff3-b9af-4c01-bdf5-1c83a81158fa
121	2025-10-27 12:45:28.998587+11	23fadf47-cbc4-42f0-a7de-78e55b514ae6	SQ7289 - Global Travel Partners	1	[{"added": {}}]	9	91a12ff3-b9af-4c01-bdf5-1c83a81158fa
122	2025-10-27 12:46:19.903006+11	6dbf7f6d-4296-4019-a555-a826b837c717	SQ7289 - SYD to SIN	1	[{"added": {}}]	10	91a12ff3-b9af-4c01-bdf5-1c83a81158fa
123	2025-10-27 12:47:43.855414+11	c8b90116-906f-41a3-a2de-074013dcb793	AirSegment object (c8b90116-906f-41a3-a2de-074013dcb793)	1	[{"added": {}}]	15	91a12ff3-b9af-4c01-bdf5-1c83a81158fa
124	2025-10-27 12:49:06.641041+11	2c83fce4-59ef-4d36-be54-f9932aa1586b	AirSegment object (2c83fce4-59ef-4d36-be54-f9932aa1586b)	1	[{"added": {}}]	15	91a12ff3-b9af-4c01-bdf5-1c83a81158fa
125	2025-10-27 12:51:45.174662+11	33321d39-d1e0-4e7e-99bc-c674b7796bb8	VA3456 - Global Travel Partners	1	[{"added": {}}]	9	91a12ff3-b9af-4c01-bdf5-1c83a81158fa
126	2025-10-27 12:52:30.306903+11	be1167cf-2623-47f9-9893-5ada63217e5f	VA3456 - MEL to PER	1	[{"added": {}}]	10	91a12ff3-b9af-4c01-bdf5-1c83a81158fa
127	2025-10-27 12:53:50.135591+11	1492fc9c-992e-4297-82aa-f03283667a28	AirSegment object (1492fc9c-992e-4297-82aa-f03283667a28)	1	[{"added": {}}]	15	91a12ff3-b9af-4c01-bdf5-1c83a81158fa
128	2025-10-27 12:54:53.513451+11	aff6ce44-904c-4426-8eed-5be25faf0b94	AirSegment object (aff6ce44-904c-4426-8eed-5be25faf0b94)	1	[{"added": {}}]	15	91a12ff3-b9af-4c01-bdf5-1c83a81158fa
129	2025-10-27 12:56:18.512767+11	497fc120-cab2-4915-bde2-7db1ea72f92a	NZ1234 - Global Travel Partners	1	[{"added": {}}]	9	91a12ff3-b9af-4c01-bdf5-1c83a81158fa
130	2025-10-27 12:57:04.139524+11	94259a60-f669-47e8-8996-66b6fe999caa	NZ1234 - SYD to AKL	1	[{"added": {}}]	10	91a12ff3-b9af-4c01-bdf5-1c83a81158fa
131	2025-10-27 12:58:07.906283+11	0849304f-4d02-4194-9808-625cd1d1ac39	AirSegment object (0849304f-4d02-4194-9808-625cd1d1ac39)	1	[{"added": {}}]	15	91a12ff3-b9af-4c01-bdf5-1c83a81158fa
132	2025-10-27 12:59:14.098051+11	a3f26a2f-8f02-4f8a-8cbb-12572c1bcbb2	AirSegment object (a3f26a2f-8f02-4f8a-8cbb-12572c1bcbb2)	1	[{"added": {}}]	15	91a12ff3-b9af-4c01-bdf5-1c83a81158fa
133	2025-10-27 13:05:55.939359+11	35e7693e-bd81-46ea-9d47-27a600ea354a	NZ4567 - Global Travel Partners	1	[{"added": {}}]	9	91a12ff3-b9af-4c01-bdf5-1c83a81158fa
134	2025-10-27 13:06:55.454128+11	6a2873ff-e2d2-45d4-ba45-44fe06f36ed2	NZ4567 - SYD to AKL	1	[{"added": {}}]	10	91a12ff3-b9af-4c01-bdf5-1c83a81158fa
135	2025-10-27 13:07:09.501687+11	6a2873ff-e2d2-45d4-ba45-44fe06f36ed2	NZ4567 - SYD to AKL	2	[{"changed": {"fields": ["Lowest fare currency"]}}]	10	91a12ff3-b9af-4c01-bdf5-1c83a81158fa
136	2025-10-27 13:08:13.258814+11	7f527758-95b7-4295-ab09-0b346abbde49	AirSegment object (7f527758-95b7-4295-ab09-0b346abbde49)	1	[{"added": {}}]	15	91a12ff3-b9af-4c01-bdf5-1c83a81158fa
137	2025-10-27 13:09:13.118586+11	fea7aece-bf75-4535-a6f3-9ddaa42a6d25	AirSegment object (fea7aece-bf75-4535-a6f3-9ddaa42a6d25)	1	[{"added": {}}]	15	91a12ff3-b9af-4c01-bdf5-1c83a81158fa
138	2025-10-27 13:12:43.258386+11	a149e3f5-9a23-4dee-afd2-d97c3e3c7085	SQ7289 - Marina Bay Sands	1	[{"added": {}}]	11	91a12ff3-b9af-4c01-bdf5-1c83a81158fa
139	2025-10-27 13:13:04.844888+11	a149e3f5-9a23-4dee-afd2-d97c3e3c7085	SQ7289 - Marina Bay Sands	2	[]	11	91a12ff3-b9af-4c01-bdf5-1c83a81158fa
140	2025-10-27 13:18:13.239947+11	6704f99d-203f-4255-89ef-ab7c83c4561c	NZ145 - SkyCity Hotel Auckland	1	[{"added": {}}]	11	91a12ff3-b9af-4c01-bdf5-1c83a81158fa
141	2025-10-27 13:21:48.324853+11	6867525f-e4e6-4327-8f16-f0ccdb8402b9	HTL-PER-789 - Global Travel Partners	2	[]	9	91a12ff3-b9af-4c01-bdf5-1c83a81158fa
142	2025-10-27 13:28:28.382342+11	1925666a-ec35-48fc-8b1d-da0352809907	Retail Solutions Group (RSG)	2	[{"changed": {"fields": ["Org type"]}}]	7	91a12ff3-b9af-4c01-bdf5-1c83a81158fa
143	2025-10-27 13:35:37.178313+11	eb1da95f-db21-42e5-bec5-008f113f64e2	GTP001 - Global Travel Partners	2	[{"changed": {"fields": ["Agent Booking Reference", "Supplier Reference"]}}]	9	91a12ff3-b9af-4c01-bdf5-1c83a81158fa
144	2025-10-27 13:37:31.992943+11	dfa7e513-eabb-4474-87ae-865360193f88	GPT001 - Global Travel Partners	2	[{"changed": {"fields": ["Agent Booking Reference", "Supplier Reference"]}}]	9	91a12ff3-b9af-4c01-bdf5-1c83a81158fa
145	2025-10-27 13:39:16.341244+11	8712ed43-5e41-400f-bbf8-e680607e5214	GTP002 - Global Travel Partners	2	[{"changed": {"fields": ["Agent Booking Reference", "Supplier Reference"]}}]	9	91a12ff3-b9af-4c01-bdf5-1c83a81158fa
146	2025-10-27 13:39:58.803328+11	0455ce7a-d2f3-4e51-b9c1-992fdaf0b943	GTP002 - Global Travel Partners	2	[{"changed": {"fields": ["Agent Booking Reference", "Supplier Reference"]}}]	9	91a12ff3-b9af-4c01-bdf5-1c83a81158fa
147	2025-10-27 13:55:50.524165+11	45a4b357-8bf4-4d8f-be6b-761faf2172a6	GPT003 - Global Travel Partners	2	[{"changed": {"fields": ["Agent Booking Reference"]}}]	9	91a12ff3-b9af-4c01-bdf5-1c83a81158fa
148	2025-10-27 13:56:04.150548+11	23fadf47-cbc4-42f0-a7de-78e55b514ae6	GPT004 - Global Travel Partners	2	[{"changed": {"fields": ["Agent Booking Reference"]}}]	9	91a12ff3-b9af-4c01-bdf5-1c83a81158fa
149	2025-10-27 13:56:16.772528+11	c980a2dc-8903-4245-9606-d00ee8473cc7	GPT005 - Global Travel Partners	2	[{"changed": {"fields": ["Agent Booking Reference"]}}]	9	91a12ff3-b9af-4c01-bdf5-1c83a81158fa
150	2025-10-27 13:56:39.964603+11	33321d39-d1e0-4e7e-99bc-c674b7796bb8	GPT006 - Global Travel Partners	2	[{"changed": {"fields": ["Agent Booking Reference"]}}]	9	91a12ff3-b9af-4c01-bdf5-1c83a81158fa
151	2025-10-27 13:57:14.792131+11	be1167cf-2623-47f9-9893-5ada63217e5f	GPT006 - MEL to PER	2	[]	10	91a12ff3-b9af-4c01-bdf5-1c83a81158fa
152	2025-10-27 13:57:43.228494+11	33321d39-d1e0-4e7e-99bc-c674b7796bb8	GPT006 - Global Travel Partners	2	[{"changed": {"fields": ["Supplier Reference"]}}]	9	91a12ff3-b9af-4c01-bdf5-1c83a81158fa
153	2025-10-27 13:58:29.019014+11	f1e6306f-574a-4c6e-a6c1-e18fe364c9b6	GPT007 - Global Travel Partners	2	[{"changed": {"fields": ["Agent Booking Reference", "Supplier Reference"]}}]	9	91a12ff3-b9af-4c01-bdf5-1c83a81158fa
154	2025-10-27 13:59:04.71857+11	9a4385c8-d1ab-4554-a22b-b451e3fc87fa	GPT008 - Global Travel Partners	2	[{"changed": {"fields": ["Agent Booking Reference", "Supplier Reference"]}}]	9	91a12ff3-b9af-4c01-bdf5-1c83a81158fa
155	2025-10-27 13:59:24.121808+11	3a48003a-8781-48d0-bd8a-bf65e2e73534	GPT008 - Global Travel Partners	2	[{"changed": {"fields": ["Agent Booking Reference", "Supplier Reference"]}}]	9	91a12ff3-b9af-4c01-bdf5-1c83a81158fa
156	2025-10-27 13:59:59.450377+11	5a99594f-fa0a-413b-afd1-46202e600b70	GPT008 - Marina Bay Sands	2	[]	11	91a12ff3-b9af-4c01-bdf5-1c83a81158fa
157	2025-10-27 14:00:56.598705+11	116c86f2-a270-4526-bc1f-008ca74e6d8e	GPT009 - Global Travel Partners	2	[{"changed": {"fields": ["Agent Booking Reference", "Supplier Reference"]}}]	9	91a12ff3-b9af-4c01-bdf5-1c83a81158fa
158	2025-10-27 14:04:15.04287+11	6867525f-e4e6-4327-8f16-f0ccdb8402b9	GPT010 - Global Travel Partners	2	[{"changed": {"fields": ["Agent Booking Reference", "Supplier Reference"]}}]	9	91a12ff3-b9af-4c01-bdf5-1c83a81158fa
159	2025-10-27 14:04:44.156688+11	54065282-8f83-43c6-9163-386f3936633a	GPT010 - Global Travel Partners	2	[{"changed": {"fields": ["Agent Booking Reference", "Supplier Reference"]}}]	9	91a12ff3-b9af-4c01-bdf5-1c83a81158fa
160	2025-10-27 14:05:05.353693+11	4c64e1b4-0d45-4597-a10e-8647ab8cc085	GPT011 - Global Travel Partners	2	[{"changed": {"fields": ["Agent Booking Reference", "Supplier Reference"]}}]	9	91a12ff3-b9af-4c01-bdf5-1c83a81158fa
161	2025-10-27 14:05:30.804192+11	247193b4-7f07-4d27-ad78-95cce2f749bf	GPT011 - Global Travel Partners	2	[{"changed": {"fields": ["Agent Booking Reference", "Supplier Reference"]}}]	9	91a12ff3-b9af-4c01-bdf5-1c83a81158fa
162	2025-10-27 14:05:54.462474+11	02249143-0440-4b4f-9e3d-a2ba97d0836e	GPT011 - Global Travel Partners	2	[{"changed": {"fields": ["Agent Booking Reference", "Supplier Reference"]}}]	9	91a12ff3-b9af-4c01-bdf5-1c83a81158fa
163	2025-10-27 14:06:45.192+11	5bf9db66-2c15-43a1-b773-9dbaa657e9ca	GPT012 - Global Travel Partners	2	[{"changed": {"fields": ["Agent Booking Reference", "Supplier Reference"]}}]	9	91a12ff3-b9af-4c01-bdf5-1c83a81158fa
164	2025-10-27 14:07:14.688574+11	497fc120-cab2-4915-bde2-7db1ea72f92a	NZ1234 - Global Travel Partners	3		9	91a12ff3-b9af-4c01-bdf5-1c83a81158fa
165	2025-10-27 14:07:25.794532+11	35e7693e-bd81-46ea-9d47-27a600ea354a	NZ4567 - Global Travel Partners	3		9	91a12ff3-b9af-4c01-bdf5-1c83a81158fa
166	2025-10-27 14:07:37.447984+11	c980a2dc-8903-4245-9606-d00ee8473cc7	GPT005 - Global Travel Partners	2	[]	9	91a12ff3-b9af-4c01-bdf5-1c83a81158fa
\.


--
-- Data for Name: django_content_type; Type: TABLE DATA; Schema: public; Owner: simoncrunden
--

COPY public.django_content_type (id, app_label, model) FROM stdin;
1	admin	logentry
2	auth	permission
3	auth	group
4	contenttypes	contenttype
5	sessions	session
6	users	user
7	organizations	organization
8	bookings	traveller
9	bookings	booking
10	bookings	airbooking
11	bookings	accommodationbooking
12	bookings	servicefee
13	bookings	invoice
14	bookings	carhirebooking
15	bookings	airsegment
16	compliance	compliancerule
17	compliance	highriskdestination
18	compliance	complianceviolation
19	compliance	complianceprocessinglog
20	compliance	travelriskalert
21	budgets	budget
22	budgets	fiscalyear
23	budgets	budgetalert
24	reference_data	airline
25	reference_data	airport
26	reference_data	currencyexchangerate
27	reference_data	carrentalcompany
28	reference_data	hotelchain
29	imports	importbatch
30	commissions	commission
31	users	userprofile
\.


--
-- Data for Name: django_migrations; Type: TABLE DATA; Schema: public; Owner: simoncrunden
--

COPY public.django_migrations (id, app, name, applied) FROM stdin;
1	contenttypes	0001_initial	2025-10-16 09:58:10.132822+11
2	contenttypes	0002_remove_content_type_name	2025-10-16 09:58:10.138286+11
3	auth	0001_initial	2025-10-16 09:58:10.175857+11
4	auth	0002_alter_permission_name_max_length	2025-10-16 09:58:10.182649+11
5	auth	0003_alter_user_email_max_length	2025-10-16 09:58:10.190862+11
6	auth	0004_alter_user_username_opts	2025-10-16 09:58:10.196464+11
7	auth	0005_alter_user_last_login_null	2025-10-16 09:58:10.202303+11
8	auth	0006_require_contenttypes_0002	2025-10-16 09:58:10.204855+11
9	auth	0007_alter_validators_add_error_messages	2025-10-16 09:58:10.211929+11
10	auth	0008_alter_user_username_max_length	2025-10-16 09:58:10.217339+11
11	auth	0009_alter_user_last_name_max_length	2025-10-16 09:58:10.222144+11
12	auth	0010_alter_group_name_max_length	2025-10-16 09:58:10.231638+11
13	auth	0011_update_proxy_permissions	2025-10-16 09:58:10.237809+11
14	auth	0012_alter_user_first_name_max_length	2025-10-16 09:58:10.243424+11
15	users	0001_initial	2025-10-16 09:58:10.299289+11
16	admin	0001_initial	2025-10-16 09:58:10.423694+11
17	admin	0002_logentry_remove_auto_add	2025-10-16 09:58:10.432537+11
18	admin	0003_logentry_add_action_flag_choices	2025-10-16 09:58:10.438102+11
19	reference_data	0001_initial	2025-10-16 09:58:10.465448+11
20	reference_data	0002_carrentalcompany_hotelchain	2025-10-16 09:58:10.484813+11
21	organizations	0001_initial	2025-10-16 09:58:10.502099+11
22	imports	0001_initial	2025-10-16 09:58:10.516403+11
23	bookings	0001_initial	2025-10-16 09:58:10.531209+11
24	bookings	0002_booking	2025-10-16 09:58:10.55559+11
25	bookings	0003_airbooking_accommodationbooking_servicefee_invoice_and_more	2025-10-16 09:58:10.689847+11
26	bookings	0004_accommodationbooking_hotel_chain_ref_and_more	2025-10-16 09:58:10.729821+11
27	budgets	0001_initial	2025-10-16 09:58:10.860532+11
28	compliance	0001_initial	2025-10-16 09:58:11.071524+11
29	sessions	0001_initial	2025-10-16 09:58:11.07595+11
30	organizations	0002_organization_ap_contact_email_and_more	2025-10-16 11:05:46.41301+11
31	bookings	0005_remove_accommodationbooking_accommodati_hotel_c_8f1406_idx_and_more	2025-10-16 13:49:42.086635+11
32	budgets	0002_alter_fiscalyear_fiscal_year_type	2025-10-16 16:17:36.726196+11
33	bookings	0006_booking_travel_arranger_booking_travel_consultant_and_more	2025-10-16 17:25:46.154373+11
34	bookings	0007_booking_travel_arranger_text_and_more	2025-10-16 17:40:55.09297+11
35	commissions	0001_initial	2025-10-17 07:49:51.942835+11
36	bookings	0008_rename_iata_fields_and_add_carbon	2025-10-17 09:31:45.717929+11
37	bookings	0009_booking_base_fare_base_booking_exchange_rate_and_more	2025-10-17 12:14:03.416949+11
38	users	0002_user_organization	2025-10-17 12:29:47.686817+11
39	users	0003_userprofile	2025-10-27 10:21:10.898627+11
\.


--
-- Data for Name: django_session; Type: TABLE DATA; Schema: public; Owner: simoncrunden
--

COPY public.django_session (session_key, session_data, expire_date) FROM stdin;
zt51bb0dofxc74n7i4v3331z1l7fwb79	.eJxVjDkOwjAQRe_imljeYnso6TlDNOMZExYlUpYKcXcSKQV0X3rv_bfqcF36bp1l6u6szqrGXCsV36Az2ITQmgYYqEkluOisSEtRnX4zwvKUYW_5gcNt1GUclulOelf0QWd9HVlel8P9O-hx7rc6siPrChD6RBmS5AAFEhiGgOLAeR8FuTgDFNtqKpto7bbIsOds1OcLE_hBHg:1v9AVS:G6P0I1iGHjSjtB7M8j0aCPRt1BSHBU0rE1f5Htn7cZc	2025-10-30 10:02:06.087713+11
kpxsp4nss1z0ap7y2pdct67py5su8bgi	.eJxVjjsOwjAQBe_iGlter9exKdNzhmj9IwGUSPlUiLuTSCmgfjOj9xYdb2vfbUuZuyGLqwjAYGpFGQNXaZMGGXMlCckjewDylcXlV4ucnmU83Pzg8T6pNI3rPER1IOpcF3Wbcnm1J_sX6Hnpd9tBQRd0NkjkgIsxunFATTBcAztGKpyTzS6WxPuvYDFq45lqdIQWxecLDt9A9g:1vDAEN:AlV4rzbfvwW6mYhN90VpnAOTDq63SKE-ceMSTWF02jU	2025-11-10 10:32:59.29857+11
\.


--
-- Data for Name: fiscal_years; Type: TABLE DATA; Schema: public; Owner: simoncrunden
--

COPY public.fiscal_years (id, fiscal_year_type, year_label, start_date, end_date, is_active, is_current, created_at, updated_at, organization_id) FROM stdin;
105ae74a-df2b-426e-961a-95d201369148	AUS	FY2024-25	2024-07-01	2025-06-30	t	t	2025-10-16 12:24:55.99809+11	2025-10-16 12:24:55.99811+11	ca42bbe5-252b-4103-b748-caf30d4a3620
b940e2ff-5a12-443d-8f4e-65ab19e0866f	AUS	FY2024-25	2024-07-01	2025-06-30	t	t	2025-10-16 12:25:37.804703+11	2025-10-16 12:25:37.804744+11	1925666a-ec35-48fc-8b1d-da0352809907
\.


--
-- Data for Name: high_risk_destinations; Type: TABLE DATA; Schema: public; Owner: simoncrunden
--

COPY public.high_risk_destinations (id, destination_type, country_code, country_name, region_name, city_name, center_latitude, center_longitude, radius_km, risk_level, risk_description, advisory_source, advisory_url, advisory_date, approval_required, allow_travel, notify_immediately, is_active, effective_from, effective_until, created_at, updated_at, created_by_id, organization_id) FROM stdin;
\.


--
-- Data for Name: high_risk_destinations_notification_recipients; Type: TABLE DATA; Schema: public; Owner: simoncrunden
--

COPY public.high_risk_destinations_notification_recipients (id, highriskdestination_id, user_id) FROM stdin;
\.


--
-- Data for Name: hotel_chains; Type: TABLE DATA; Schema: public; Owner: simoncrunden
--

COPY public.hotel_chains (id, name, alternative_names, website, is_preferred, tier, has_corporate_rate, corporate_discount_percentage, account_manager_name, account_manager_email, account_manager_phone, contract_start_date, contract_end_date, is_active, notes, created_at, updated_at) FROM stdin;
\.


--
-- Data for Name: import_batches; Type: TABLE DATA; Schema: public; Owner: simoncrunden
--

COPY public.import_batches (id, import_date, import_type, file_name, status, records_processed, records_created, records_updated, records_unchanged, records_failed, error_log, started_at, completed_at, created_at, organization_id) FROM stdin;
\.


--
-- Data for Name: invoices; Type: TABLE DATA; Schema: public; Owner: simoncrunden
--

COPY public.invoices (id, invoice_number, invoice_date, currency, invoice_amount, gst_amount, invoice_amount_base, gst_amount_base, exchange_rate, exchange_rate_date, payment_status, payment_date, created_at, updated_at, booking_id, import_batch_id, organization_id) FROM stdin;
\.


--
-- Data for Name: organizations; Type: TABLE DATA; Schema: public; Owner: simoncrunden
--

COPY public.organizations (id, name, org_type, code, contact_email, contact_phone, address, base_currency, is_active, created_at, updated_at, travel_agent_id, ap_contact_email, ap_contact_name, ap_contact_phone, business_number, contact_name, contact_position, subscription_end, subscription_start, subscription_status) FROM stdin;
56551183-153d-4c32-8816-ed089fa4797f	Global Travel Partners	AGENT	GTP	admin@globaltravelpartners.com.au	+61 2 9876 5432	Level 5, 123 George Street, Sydney NSW 2000	AUD	t	2025-10-16 11:16:28.34295+11	2025-10-16 11:17:04.959028+11	\N	accounts@globaltravelpartners.com.au	Patricia Johnson	+61 2 9876 5435	51 824 753 556	Rebecca Foster	General Manager	\N	\N	ACTIVE
ca42bbe5-252b-4103-b748-caf30d4a3620	TechCorp Australia	CUSTOMER	TECH	travel@techcorp.com.au	+61 3 8765 4321	456 Collins Street, Melbourne VIC 3000	AUD	t	2025-10-16 11:19:33.814168+11	2025-10-16 11:19:33.814189+11	56551183-153d-4c32-8816-ed089fa4797f	payables@techcorp.com.au	Mark Stevens	+61 3 8765 4325		Sally Anne	Travel Category Manager	\N	\N	ACTIVE
1925666a-ec35-48fc-8b1d-da0352809907	Retail Solutions Group	CUSTOMER	RSG	corporate@retailsolutions.com.au	+61 7 3456 7890	789 Queen Street, Brisbane QLD 4000	AUD	t	2025-10-16 11:26:55.203017+11	2025-10-27 13:28:28.377275+11	56551183-153d-4c32-8816-ed089fa4797f	finance@retailsolutions.com.au	Linda Chen	+61 7 3456 7893	33 987 654 321	Jimmy Cooper	Procurement Manager	\N	\N	ACTIVE
\.


--
-- Data for Name: service_fees; Type: TABLE DATA; Schema: public; Owner: simoncrunden
--

COPY public.service_fees (id, fee_type, fee_date, currency, amount, gst_amount, amount_base, gst_amount_base, exchange_rate, exchange_rate_date, description, created_at, updated_at, booking_id, import_batch_id, organization_id, traveller_id) FROM stdin;
49b00db7-ff3b-4967-82a2-5aac3299bbfb	CHANGE_FEE	2025-10-05	AUD	75.00	0.00	\N	\N	\N	\N	Itinerary change fee	2025-10-26 15:56:34.643016+11	2025-10-26 15:56:34.643039+11	45a4b357-8bf4-4d8f-be6b-761faf2172a6	\N	ca42bbe5-252b-4103-b748-caf30d4a3620	5a3fd38f-ef49-483f-9822-4e9232a7937c
8ca85cb9-743f-4bea-8bbd-e30d0b23315d	BOOKING_ONLINE_DOM	2025-10-10	AUD	25.00	2.27	\N	\N	\N	\N	Online booking service fee	2025-10-26 15:58:07.450588+11	2025-10-26 15:58:07.450612+11	54065282-8f83-43c6-9163-386f3936633a	\N	1925666a-ec35-48fc-8b1d-da0352809907	28f5581c-3780-47e7-9ad7-b31681d58ecf
63ee4c22-39ba-44da-a730-55d9cf4de6a6	REFUND_FEE	2025-10-15	AUD	150.00	0.00	\N	\N	\N	\N	Booking cancellation fee	2025-10-26 15:59:48.303493+11	2025-10-26 15:59:48.303522+11	f1e6306f-574a-4c6e-a6c1-e18fe364c9b6	\N	1925666a-ec35-48fc-8b1d-da0352809907	19ab31de-c4e2-4481-b2fb-d117d8d34d59
f2739990-3bc7-4960-9795-2662223e2b37	BOOKING_OFFLINE_DOM	2025-09-20	AUD	45.00	0.00	\N	\N	\N	\N	Phone booking service fee	2025-10-26 15:55:35.751705+11	2025-10-26 16:01:02.983008+11	45a4b357-8bf4-4d8f-be6b-761faf2172a6	\N	ca42bbe5-252b-4103-b748-caf30d4a3620	5a3fd38f-ef49-483f-9822-4e9232a7937c
9392b76c-d327-4a26-bdbf-198d3dc215c2	BOOKING_ONLINE_DOM	2025-09-15	AUD	25.00	2.27	\N	\N	\N	\N	Online booking service fee	2025-10-26 15:54:26.198914+11	2025-10-26 16:01:21.037456+11	0455ce7a-d2f3-4e51-b9c1-992fdaf0b943	\N	ca42bbe5-252b-4103-b748-caf30d4a3620	e23dc6c3-3518-4187-ad72-4748f38abaf5
\.


--
-- Data for Name: travel_risk_alerts; Type: TABLE DATA; Schema: public; Owner: simoncrunden
--

COPY public.travel_risk_alerts (id, alert_status, risk_level_at_booking, matched_location, distance_from_center_km, approval_requested_at, approval_notes, approval_decision_at, approval_comments, emergency_contact_verified, travel_insurance_confirmed, safety_briefing_completed, traveller_notified, traveller_notified_at, admins_notified, admins_notified_at, created_at, updated_at, approved_by_id, booking_id, high_risk_destination_id, organization_id, traveller_id) FROM stdin;
\.


--
-- Data for Name: travellers; Type: TABLE DATA; Schema: public; Owner: simoncrunden
--

COPY public.travellers (id, first_name, last_name, email, employee_id, department, cost_center, is_active, created_at, updated_at, organization_id, user_id) FROM stdin;
5a3fd38f-ef49-483f-9822-4e9232a7937c	Jennifer	Wilson	jennifer.wilson@techcorp.com.au	TC001	Engineering	ENG-001	t	2025-10-16 12:18:27.970741+11	2025-10-16 12:18:27.970784+11	ca42bbe5-252b-4103-b748-caf30d4a3620	\N
e23dc6c3-3518-4187-ad72-4748f38abaf5	David	Anderson	david.anderson@techcorp.com.au	TC002	Sales	SAL-001	t	2025-10-16 12:19:16.976876+11	2025-10-16 12:19:16.976889+11	ca42bbe5-252b-4103-b748-caf30d4a3620	\N
16a3983e-b10d-4346-9283-d47645b61c63	Sophie	Martinez	sophie.martinez@techcorp.com.au	TC-003	Marketing	MKT-001	t	2025-10-16 12:20:12.439002+11	2025-10-16 12:20:12.439036+11	ca42bbe5-252b-4103-b748-caf30d4a3620	\N
280d7145-2537-4220-b206-8744e2646f1f	Robert	Thompson	robert.thompson@techcorp.com.au	TC004	Operations	OPS-001	t	2025-10-16 12:20:47.869658+11	2025-10-16 12:20:47.869693+11	ca42bbe5-252b-4103-b748-caf30d4a3620	\N
0b4ca319-ba3d-40e5-8380-3d1398f49f40	Emily	White	emily.white@retailsolutions.com.au	RS001	Store Operations	STO-001	t	2025-10-16 12:21:32.14+11	2025-10-16 12:21:32.140023+11	1925666a-ec35-48fc-8b1d-da0352809907	\N
28f5581c-3780-47e7-9ad7-b31681d58ecf	Daniel	Harris	daniel.harris@retailsolutions.com.au	RS002	Supply Chain	SUP-001	t	2025-10-16 12:22:13.202273+11	2025-10-16 12:22:13.202302+11	1925666a-ec35-48fc-8b1d-da0352809907	\N
19ab31de-c4e2-4481-b2fb-d117d8d34d59	Rachel	Clark	rachel.clark@retailsolutions.com.au	RS003	Finance	FIN-001	t	2025-10-16 12:23:02.607378+11	2025-10-16 12:23:02.607418+11	1925666a-ec35-48fc-8b1d-da0352809907	\N
9cf6d07f-9dd6-4274-baa4-b7566f73f1be	Thomas	Lewis	thomas.lewis@retailsolutions.com.au	RS004	HR	HUM-001	t	2025-10-16 12:23:51.472819+11	2025-10-16 12:23:51.472842+11	1925666a-ec35-48fc-8b1d-da0352809907	\N
\.


--
-- Data for Name: user_profiles; Type: TABLE DATA; Schema: public; Owner: simoncrunden
--

COPY public.user_profiles (id, home_country, default_filters, created_at, updated_at, user_id) FROM stdin;
1	AU	{}	2025-10-27 10:21:43.054785+11	2025-10-27 10:21:43.055465+11	ac339558-780a-4b24-8b39-68f0fa3d1fce
2	AU	{}	2025-10-27 10:21:43.060473+11	2025-10-27 10:21:43.060481+11	802659fb-d25f-4086-b84f-19a6990a1dd4
3	AU	{}	2025-10-27 10:21:43.061927+11	2025-10-27 10:21:43.061934+11	34f886bd-e116-477a-9222-3f8e2bd97d4e
4	AU	{}	2025-10-27 10:21:43.064193+11	2025-10-27 10:21:43.064201+11	53041573-3dff-49fb-8009-62ec0b9f3a87
5	AU	{}	2025-10-27 10:21:43.065867+11	2025-10-27 10:21:43.065873+11	f4f0d648-c4c6-4788-b419-3c35d017331a
6	AU	{}	2025-10-27 10:21:43.067395+11	2025-10-27 10:21:43.067402+11	ff552147-2820-4d8a-8be5-c19a388e7042
7	AU	{}	2025-10-27 10:21:43.068828+11	2025-10-27 10:21:43.068834+11	f68ffbc3-a20a-4450-9d9b-7c42621ee5b6
8	AU	{}	2025-10-27 10:21:43.070264+11	2025-10-27 10:32:59.295998+11	91a12ff3-b9af-4c01-bdf5-1c83a81158fa
\.


--
-- Data for Name: users; Type: TABLE DATA; Schema: public; Owner: simoncrunden
--

COPY public.users (password, last_login, is_superuser, username, first_name, last_name, email, is_staff, is_active, date_joined, id, user_type, phone, organization_id) FROM stdin;
pbkdf2_sha256$600000$Cz7BxXcdJPlj72SmTjPGol$71vKGdJlyjaRZAFhh6sn+F/lqUjio9FzWPt5+aHZXu0=	\N	f	sarah.miller	Sarah	Miller	sarah.miller@globaltravelpartners.com.au	t	t	2025-10-16 12:08:39+11	ac339558-780a-4b24-8b39-68f0fa3d1fce	AGENT_ADMIN	+61 2 9876 5433	\N
pbkdf2_sha256$600000$CipdWVmyGZOKcNojUCUTfr$BbjyGTvS4viRJNa5KEYSXdlpBjbMn5a5FX5V+XtRx7g=	\N	f	james.wong	James	Wong	james.wong@globaltravelpartners.com.au	f	t	2025-10-16 12:10:49+11	802659fb-d25f-4086-b84f-19a6990a1dd4	AGENT_USER	+61 2 9876 5434	\N
pbkdf2_sha256$600000$YAwK7Lrhh87lfXbPvlFlGp$LBFSbTPwbT61r0hzKgOmpDRc0pxDGGkC6uHue4aq8o4=	\N	f	emma.davis	Emma	Davis	emma.davis@techcorp.com.au	f	t	2025-10-16 12:12:13+11	34f886bd-e116-477a-9222-3f8e2bd97d4e	CUSTOMER_ADMIN	+61 3 8765 4322	\N
pbkdf2_sha256$600000$oLMmpRL6okAlJP0Hu17ahN$bSKfl/WzgGGjITIHWz6R8UlXSLJby4I+rZEsqbxUkto=	\N	f	michael.chen	Michael	Chen	michael.chen@techcorp.com.au	f	t	2025-10-16 12:13:21+11	53041573-3dff-49fb-8009-62ec0b9f3a87	CUSTOMER_RISK	+61 3 8765 4323	\N
pbkdf2_sha256$600000$U8B4T5ls5tY95uZhUOABub$QXVJqM1ayEy42+z4TtXB30JP4sFzp410OHCI43rftwA=	\N	f	olivia.brown	Olivia	Brown	olivia.brown@retailsolutions.com.au	f	t	2025-10-16 12:15:22+11	f4f0d648-c4c6-4788-b419-3c35d017331a	CUSTOMER_ADMIN	+61 7 3456 7891	\N
pbkdf2_sha256$600000$2FTwBW3lPHzRCFUfWiNKt6$+vO7yVtTEiW97EmSlFm7Ekhjyw5QJ1Xghj4ogsFcGuQ=	\N	f	liam.taylor	Liam	Taylot	liam.taylor@retailsolutions.com.au	f	t	2025-10-16 12:16:37+11	ff552147-2820-4d8a-8be5-c19a388e7042	CUSTOMER	+61 7 3456 7892	\N
pbkdf2_sha256$1000000$rS69ISn85qYiNHSoHQNApx$qGWIa1eV1SxJ9Ts00PMXMdjpqMZgWtnXc1E2qqQHjNk=	2025-10-20 08:38:14.430662+11	t	simoncrunden	Simon	Crunden	simondcrunden@gmail.com	t	t	2025-10-16 09:59:28+11	f68ffbc3-a20a-4450-9d9b-7c42621ee5b6	ADMIN	+61 421 919603	\N
pbkdf2_sha256$1000000$U9jptkqzC2J0ZeYlObSMon$CPfGQ4DXmSY4I6YKL9P8E2Abgr3r821ULwTd7gel/w4=	2025-10-27 10:32:59.291137+11	t	admin			simondcrunden@gmail.com	t	t	2025-10-17 14:00:55+11	91a12ff3-b9af-4c01-bdf5-1c83a81158fa	ADMIN		\N
\.


--
-- Data for Name: users_groups; Type: TABLE DATA; Schema: public; Owner: simoncrunden
--

COPY public.users_groups (id, user_id, group_id) FROM stdin;
\.


--
-- Data for Name: users_user_permissions; Type: TABLE DATA; Schema: public; Owner: simoncrunden
--

COPY public.users_user_permissions (id, user_id, permission_id) FROM stdin;
\.


--
-- Name: auth_group_id_seq; Type: SEQUENCE SET; Schema: public; Owner: simoncrunden
--

SELECT pg_catalog.setval('public.auth_group_id_seq', 1, false);


--
-- Name: auth_group_permissions_id_seq; Type: SEQUENCE SET; Schema: public; Owner: simoncrunden
--

SELECT pg_catalog.setval('public.auth_group_permissions_id_seq', 1, false);


--
-- Name: auth_permission_id_seq; Type: SEQUENCE SET; Schema: public; Owner: simoncrunden
--

SELECT pg_catalog.setval('public.auth_permission_id_seq', 124, true);


--
-- Name: budget_alerts_notified_users_id_seq; Type: SEQUENCE SET; Schema: public; Owner: simoncrunden
--

SELECT pg_catalog.setval('public.budget_alerts_notified_users_id_seq', 1, false);


--
-- Name: django_admin_log_id_seq; Type: SEQUENCE SET; Schema: public; Owner: simoncrunden
--

SELECT pg_catalog.setval('public.django_admin_log_id_seq', 166, true);


--
-- Name: django_content_type_id_seq; Type: SEQUENCE SET; Schema: public; Owner: simoncrunden
--

SELECT pg_catalog.setval('public.django_content_type_id_seq', 31, true);


--
-- Name: django_migrations_id_seq; Type: SEQUENCE SET; Schema: public; Owner: simoncrunden
--

SELECT pg_catalog.setval('public.django_migrations_id_seq', 39, true);


--
-- Name: high_risk_destinations_notification_recipients_id_seq; Type: SEQUENCE SET; Schema: public; Owner: simoncrunden
--

SELECT pg_catalog.setval('public.high_risk_destinations_notification_recipients_id_seq', 1, false);


--
-- Name: user_profiles_id_seq; Type: SEQUENCE SET; Schema: public; Owner: simoncrunden
--

SELECT pg_catalog.setval('public.user_profiles_id_seq', 8, true);


--
-- Name: users_groups_id_seq; Type: SEQUENCE SET; Schema: public; Owner: simoncrunden
--

SELECT pg_catalog.setval('public.users_groups_id_seq', 1, false);


--
-- Name: users_user_permissions_id_seq; Type: SEQUENCE SET; Schema: public; Owner: simoncrunden
--

SELECT pg_catalog.setval('public.users_user_permissions_id_seq', 1, false);


--
-- Name: accommodation_bookings accommodation_bookings_booking_id_key; Type: CONSTRAINT; Schema: public; Owner: simoncrunden
--

ALTER TABLE ONLY public.accommodation_bookings
    ADD CONSTRAINT accommodation_bookings_booking_id_key UNIQUE (booking_id);


--
-- Name: accommodation_bookings accommodation_bookings_pkey; Type: CONSTRAINT; Schema: public; Owner: simoncrunden
--

ALTER TABLE ONLY public.accommodation_bookings
    ADD CONSTRAINT accommodation_bookings_pkey PRIMARY KEY (id);


--
-- Name: air_bookings air_bookings_booking_id_key; Type: CONSTRAINT; Schema: public; Owner: simoncrunden
--

ALTER TABLE ONLY public.air_bookings
    ADD CONSTRAINT air_bookings_booking_id_key UNIQUE (booking_id);


--
-- Name: air_bookings air_bookings_pkey; Type: CONSTRAINT; Schema: public; Owner: simoncrunden
--

ALTER TABLE ONLY public.air_bookings
    ADD CONSTRAINT air_bookings_pkey PRIMARY KEY (id);


--
-- Name: air_segments air_segments_pkey; Type: CONSTRAINT; Schema: public; Owner: simoncrunden
--

ALTER TABLE ONLY public.air_segments
    ADD CONSTRAINT air_segments_pkey PRIMARY KEY (id);


--
-- Name: airlines airlines_pkey; Type: CONSTRAINT; Schema: public; Owner: simoncrunden
--

ALTER TABLE ONLY public.airlines
    ADD CONSTRAINT airlines_pkey PRIMARY KEY (iata_code);


--
-- Name: airports airports_pkey; Type: CONSTRAINT; Schema: public; Owner: simoncrunden
--

ALTER TABLE ONLY public.airports
    ADD CONSTRAINT airports_pkey PRIMARY KEY (iata_code);


--
-- Name: auth_group auth_group_name_key; Type: CONSTRAINT; Schema: public; Owner: simoncrunden
--

ALTER TABLE ONLY public.auth_group
    ADD CONSTRAINT auth_group_name_key UNIQUE (name);


--
-- Name: auth_group_permissions auth_group_permissions_group_id_permission_id_0cd325b0_uniq; Type: CONSTRAINT; Schema: public; Owner: simoncrunden
--

ALTER TABLE ONLY public.auth_group_permissions
    ADD CONSTRAINT auth_group_permissions_group_id_permission_id_0cd325b0_uniq UNIQUE (group_id, permission_id);


--
-- Name: auth_group_permissions auth_group_permissions_pkey; Type: CONSTRAINT; Schema: public; Owner: simoncrunden
--

ALTER TABLE ONLY public.auth_group_permissions
    ADD CONSTRAINT auth_group_permissions_pkey PRIMARY KEY (id);


--
-- Name: auth_group auth_group_pkey; Type: CONSTRAINT; Schema: public; Owner: simoncrunden
--

ALTER TABLE ONLY public.auth_group
    ADD CONSTRAINT auth_group_pkey PRIMARY KEY (id);


--
-- Name: auth_permission auth_permission_content_type_id_codename_01ab375a_uniq; Type: CONSTRAINT; Schema: public; Owner: simoncrunden
--

ALTER TABLE ONLY public.auth_permission
    ADD CONSTRAINT auth_permission_content_type_id_codename_01ab375a_uniq UNIQUE (content_type_id, codename);


--
-- Name: auth_permission auth_permission_pkey; Type: CONSTRAINT; Schema: public; Owner: simoncrunden
--

ALTER TABLE ONLY public.auth_permission
    ADD CONSTRAINT auth_permission_pkey PRIMARY KEY (id);


--
-- Name: bookings bookings_pkey; Type: CONSTRAINT; Schema: public; Owner: simoncrunden
--

ALTER TABLE ONLY public.bookings
    ADD CONSTRAINT bookings_pkey PRIMARY KEY (id);


--
-- Name: budget_alerts_notified_users budget_alerts_notified_u_budgetalert_id_user_id_d28b4dc9_uniq; Type: CONSTRAINT; Schema: public; Owner: simoncrunden
--

ALTER TABLE ONLY public.budget_alerts_notified_users
    ADD CONSTRAINT budget_alerts_notified_u_budgetalert_id_user_id_d28b4dc9_uniq UNIQUE (budgetalert_id, user_id);


--
-- Name: budget_alerts_notified_users budget_alerts_notified_users_pkey; Type: CONSTRAINT; Schema: public; Owner: simoncrunden
--

ALTER TABLE ONLY public.budget_alerts_notified_users
    ADD CONSTRAINT budget_alerts_notified_users_pkey PRIMARY KEY (id);


--
-- Name: budget_alerts budget_alerts_pkey; Type: CONSTRAINT; Schema: public; Owner: simoncrunden
--

ALTER TABLE ONLY public.budget_alerts
    ADD CONSTRAINT budget_alerts_pkey PRIMARY KEY (id);


--
-- Name: budgets budgets_organization_id_fiscal_y_d8362485_uniq; Type: CONSTRAINT; Schema: public; Owner: simoncrunden
--

ALTER TABLE ONLY public.budgets
    ADD CONSTRAINT budgets_organization_id_fiscal_y_d8362485_uniq UNIQUE (organization_id, fiscal_year_id, cost_center);


--
-- Name: budgets budgets_pkey; Type: CONSTRAINT; Schema: public; Owner: simoncrunden
--

ALTER TABLE ONLY public.budgets
    ADD CONSTRAINT budgets_pkey PRIMARY KEY (id);


--
-- Name: car_hire_bookings car_hire_bookings_booking_id_key; Type: CONSTRAINT; Schema: public; Owner: simoncrunden
--

ALTER TABLE ONLY public.car_hire_bookings
    ADD CONSTRAINT car_hire_bookings_booking_id_key UNIQUE (booking_id);


--
-- Name: car_hire_bookings car_hire_bookings_pkey; Type: CONSTRAINT; Schema: public; Owner: simoncrunden
--

ALTER TABLE ONLY public.car_hire_bookings
    ADD CONSTRAINT car_hire_bookings_pkey PRIMARY KEY (id);


--
-- Name: car_rental_companies car_rental_companies_name_key; Type: CONSTRAINT; Schema: public; Owner: simoncrunden
--

ALTER TABLE ONLY public.car_rental_companies
    ADD CONSTRAINT car_rental_companies_name_key UNIQUE (name);


--
-- Name: car_rental_companies car_rental_companies_pkey; Type: CONSTRAINT; Schema: public; Owner: simoncrunden
--

ALTER TABLE ONLY public.car_rental_companies
    ADD CONSTRAINT car_rental_companies_pkey PRIMARY KEY (id);


--
-- Name: commissions commissions_pkey; Type: CONSTRAINT; Schema: public; Owner: simoncrunden
--

ALTER TABLE ONLY public.commissions
    ADD CONSTRAINT commissions_pkey PRIMARY KEY (id);


--
-- Name: compliance_processing_logs compliance_processing_logs_pkey; Type: CONSTRAINT; Schema: public; Owner: simoncrunden
--

ALTER TABLE ONLY public.compliance_processing_logs
    ADD CONSTRAINT compliance_processing_logs_pkey PRIMARY KEY (id);


--
-- Name: compliance_rules compliance_rules_pkey; Type: CONSTRAINT; Schema: public; Owner: simoncrunden
--

ALTER TABLE ONLY public.compliance_rules
    ADD CONSTRAINT compliance_rules_pkey PRIMARY KEY (id);


--
-- Name: compliance_violations compliance_violations_pkey; Type: CONSTRAINT; Schema: public; Owner: simoncrunden
--

ALTER TABLE ONLY public.compliance_violations
    ADD CONSTRAINT compliance_violations_pkey PRIMARY KEY (id);


--
-- Name: currency_exchange_rates currency_exchange_rates_from_currency_to_currenc_32cff201_uniq; Type: CONSTRAINT; Schema: public; Owner: simoncrunden
--

ALTER TABLE ONLY public.currency_exchange_rates
    ADD CONSTRAINT currency_exchange_rates_from_currency_to_currenc_32cff201_uniq UNIQUE (from_currency, to_currency, rate_date);


--
-- Name: currency_exchange_rates currency_exchange_rates_pkey; Type: CONSTRAINT; Schema: public; Owner: simoncrunden
--

ALTER TABLE ONLY public.currency_exchange_rates
    ADD CONSTRAINT currency_exchange_rates_pkey PRIMARY KEY (id);


--
-- Name: django_admin_log django_admin_log_pkey; Type: CONSTRAINT; Schema: public; Owner: simoncrunden
--

ALTER TABLE ONLY public.django_admin_log
    ADD CONSTRAINT django_admin_log_pkey PRIMARY KEY (id);


--
-- Name: django_content_type django_content_type_app_label_model_76bd3d3b_uniq; Type: CONSTRAINT; Schema: public; Owner: simoncrunden
--

ALTER TABLE ONLY public.django_content_type
    ADD CONSTRAINT django_content_type_app_label_model_76bd3d3b_uniq UNIQUE (app_label, model);


--
-- Name: django_content_type django_content_type_pkey; Type: CONSTRAINT; Schema: public; Owner: simoncrunden
--

ALTER TABLE ONLY public.django_content_type
    ADD CONSTRAINT django_content_type_pkey PRIMARY KEY (id);


--
-- Name: django_migrations django_migrations_pkey; Type: CONSTRAINT; Schema: public; Owner: simoncrunden
--

ALTER TABLE ONLY public.django_migrations
    ADD CONSTRAINT django_migrations_pkey PRIMARY KEY (id);


--
-- Name: django_session django_session_pkey; Type: CONSTRAINT; Schema: public; Owner: simoncrunden
--

ALTER TABLE ONLY public.django_session
    ADD CONSTRAINT django_session_pkey PRIMARY KEY (session_key);


--
-- Name: fiscal_years fiscal_years_organization_id_year_label_69802a94_uniq; Type: CONSTRAINT; Schema: public; Owner: simoncrunden
--

ALTER TABLE ONLY public.fiscal_years
    ADD CONSTRAINT fiscal_years_organization_id_year_label_69802a94_uniq UNIQUE (organization_id, year_label);


--
-- Name: fiscal_years fiscal_years_pkey; Type: CONSTRAINT; Schema: public; Owner: simoncrunden
--

ALTER TABLE ONLY public.fiscal_years
    ADD CONSTRAINT fiscal_years_pkey PRIMARY KEY (id);


--
-- Name: high_risk_destinations_notification_recipients high_risk_destinations_n_highriskdestination_id_u_8ed39807_uniq; Type: CONSTRAINT; Schema: public; Owner: simoncrunden
--

ALTER TABLE ONLY public.high_risk_destinations_notification_recipients
    ADD CONSTRAINT high_risk_destinations_n_highriskdestination_id_u_8ed39807_uniq UNIQUE (highriskdestination_id, user_id);


--
-- Name: high_risk_destinations_notification_recipients high_risk_destinations_notification_recipients_pkey; Type: CONSTRAINT; Schema: public; Owner: simoncrunden
--

ALTER TABLE ONLY public.high_risk_destinations_notification_recipients
    ADD CONSTRAINT high_risk_destinations_notification_recipients_pkey PRIMARY KEY (id);


--
-- Name: high_risk_destinations high_risk_destinations_pkey; Type: CONSTRAINT; Schema: public; Owner: simoncrunden
--

ALTER TABLE ONLY public.high_risk_destinations
    ADD CONSTRAINT high_risk_destinations_pkey PRIMARY KEY (id);


--
-- Name: hotel_chains hotel_chains_name_key; Type: CONSTRAINT; Schema: public; Owner: simoncrunden
--

ALTER TABLE ONLY public.hotel_chains
    ADD CONSTRAINT hotel_chains_name_key UNIQUE (name);


--
-- Name: hotel_chains hotel_chains_pkey; Type: CONSTRAINT; Schema: public; Owner: simoncrunden
--

ALTER TABLE ONLY public.hotel_chains
    ADD CONSTRAINT hotel_chains_pkey PRIMARY KEY (id);


--
-- Name: import_batches import_batches_pkey; Type: CONSTRAINT; Schema: public; Owner: simoncrunden
--

ALTER TABLE ONLY public.import_batches
    ADD CONSTRAINT import_batches_pkey PRIMARY KEY (id);


--
-- Name: invoices invoices_organization_id_invoice_number_39279b62_uniq; Type: CONSTRAINT; Schema: public; Owner: simoncrunden
--

ALTER TABLE ONLY public.invoices
    ADD CONSTRAINT invoices_organization_id_invoice_number_39279b62_uniq UNIQUE (organization_id, invoice_number);


--
-- Name: invoices invoices_pkey; Type: CONSTRAINT; Schema: public; Owner: simoncrunden
--

ALTER TABLE ONLY public.invoices
    ADD CONSTRAINT invoices_pkey PRIMARY KEY (id);


--
-- Name: organizations organizations_code_key; Type: CONSTRAINT; Schema: public; Owner: simoncrunden
--

ALTER TABLE ONLY public.organizations
    ADD CONSTRAINT organizations_code_key UNIQUE (code);


--
-- Name: organizations organizations_pkey; Type: CONSTRAINT; Schema: public; Owner: simoncrunden
--

ALTER TABLE ONLY public.organizations
    ADD CONSTRAINT organizations_pkey PRIMARY KEY (id);


--
-- Name: service_fees service_fees_pkey; Type: CONSTRAINT; Schema: public; Owner: simoncrunden
--

ALTER TABLE ONLY public.service_fees
    ADD CONSTRAINT service_fees_pkey PRIMARY KEY (id);


--
-- Name: travel_risk_alerts travel_risk_alerts_pkey; Type: CONSTRAINT; Schema: public; Owner: simoncrunden
--

ALTER TABLE ONLY public.travel_risk_alerts
    ADD CONSTRAINT travel_risk_alerts_pkey PRIMARY KEY (id);


--
-- Name: travellers travellers_organization_id_employee_id_941c3adc_uniq; Type: CONSTRAINT; Schema: public; Owner: simoncrunden
--

ALTER TABLE ONLY public.travellers
    ADD CONSTRAINT travellers_organization_id_employee_id_941c3adc_uniq UNIQUE (organization_id, employee_id);


--
-- Name: travellers travellers_pkey; Type: CONSTRAINT; Schema: public; Owner: simoncrunden
--

ALTER TABLE ONLY public.travellers
    ADD CONSTRAINT travellers_pkey PRIMARY KEY (id);


--
-- Name: travellers travellers_user_id_key; Type: CONSTRAINT; Schema: public; Owner: simoncrunden
--

ALTER TABLE ONLY public.travellers
    ADD CONSTRAINT travellers_user_id_key UNIQUE (user_id);


--
-- Name: user_profiles user_profiles_pkey; Type: CONSTRAINT; Schema: public; Owner: simoncrunden
--

ALTER TABLE ONLY public.user_profiles
    ADD CONSTRAINT user_profiles_pkey PRIMARY KEY (id);


--
-- Name: user_profiles user_profiles_user_id_key; Type: CONSTRAINT; Schema: public; Owner: simoncrunden
--

ALTER TABLE ONLY public.user_profiles
    ADD CONSTRAINT user_profiles_user_id_key UNIQUE (user_id);


--
-- Name: users_groups users_groups_pkey; Type: CONSTRAINT; Schema: public; Owner: simoncrunden
--

ALTER TABLE ONLY public.users_groups
    ADD CONSTRAINT users_groups_pkey PRIMARY KEY (id);


--
-- Name: users_groups users_groups_user_id_group_id_fc7788e8_uniq; Type: CONSTRAINT; Schema: public; Owner: simoncrunden
--

ALTER TABLE ONLY public.users_groups
    ADD CONSTRAINT users_groups_user_id_group_id_fc7788e8_uniq UNIQUE (user_id, group_id);


--
-- Name: users users_pkey; Type: CONSTRAINT; Schema: public; Owner: simoncrunden
--

ALTER TABLE ONLY public.users
    ADD CONSTRAINT users_pkey PRIMARY KEY (id);


--
-- Name: users_user_permissions users_user_permissions_pkey; Type: CONSTRAINT; Schema: public; Owner: simoncrunden
--

ALTER TABLE ONLY public.users_user_permissions
    ADD CONSTRAINT users_user_permissions_pkey PRIMARY KEY (id);


--
-- Name: users_user_permissions users_user_permissions_user_id_permission_id_3b86cbdf_uniq; Type: CONSTRAINT; Schema: public; Owner: simoncrunden
--

ALTER TABLE ONLY public.users_user_permissions
    ADD CONSTRAINT users_user_permissions_user_id_permission_id_3b86cbdf_uniq UNIQUE (user_id, permission_id);


--
-- Name: users users_username_key; Type: CONSTRAINT; Schema: public; Owner: simoncrunden
--

ALTER TABLE ONLY public.users
    ADD CONSTRAINT users_username_key UNIQUE (username);


--
-- Name: accommodati_city_2c7cab_idx; Type: INDEX; Schema: public; Owner: simoncrunden
--

CREATE INDEX accommodati_city_2c7cab_idx ON public.accommodation_bookings USING btree (city, check_in_date);


--
-- Name: accommodati_hotel_c_74f9c9_idx; Type: INDEX; Schema: public; Owner: simoncrunden
--

CREATE INDEX accommodati_hotel_c_74f9c9_idx ON public.accommodation_bookings USING btree (hotel_chain);


--
-- Name: air_booking_origin__c5dca4_idx; Type: INDEX; Schema: public; Owner: simoncrunden
--

CREATE INDEX air_booking_origin__c5dca4_idx ON public.air_bookings USING btree (origin_airport_iata_code, destination_airport_iata_code);


--
-- Name: air_booking_primary_d16fc9_idx; Type: INDEX; Schema: public; Owner: simoncrunden
--

CREATE INDEX air_booking_primary_d16fc9_idx ON public.air_bookings USING btree (primary_airline_iata_code);


--
-- Name: air_segment_air_boo_48d09e_idx; Type: INDEX; Schema: public; Owner: simoncrunden
--

CREATE INDEX air_segment_air_boo_48d09e_idx ON public.air_segments USING btree (air_booking_id, segment_number);


--
-- Name: air_segment_departu_61ad09_idx; Type: INDEX; Schema: public; Owner: simoncrunden
--

CREATE INDEX air_segment_departu_61ad09_idx ON public.air_segments USING btree (departure_date);


--
-- Name: air_segment_origin__bfcf6c_idx; Type: INDEX; Schema: public; Owner: simoncrunden
--

CREATE INDEX air_segment_origin__bfcf6c_idx ON public.air_segments USING btree (origin_airport_iata_code, destination_airport_iata_code);


--
-- Name: air_segments_air_booking_id_6add64d4; Type: INDEX; Schema: public; Owner: simoncrunden
--

CREATE INDEX air_segments_air_booking_id_6add64d4 ON public.air_segments USING btree (air_booking_id);


--
-- Name: airlines_iata_code_8446f76d_like; Type: INDEX; Schema: public; Owner: simoncrunden
--

CREATE INDEX airlines_iata_code_8446f76d_like ON public.airlines USING btree (iata_code varchar_pattern_ops);


--
-- Name: airports_iata_code_0f63506e_like; Type: INDEX; Schema: public; Owner: simoncrunden
--

CREATE INDEX airports_iata_code_0f63506e_like ON public.airports USING btree (iata_code varchar_pattern_ops);


--
-- Name: auth_group_name_a6ea08ec_like; Type: INDEX; Schema: public; Owner: simoncrunden
--

CREATE INDEX auth_group_name_a6ea08ec_like ON public.auth_group USING btree (name varchar_pattern_ops);


--
-- Name: auth_group_permissions_group_id_b120cbf9; Type: INDEX; Schema: public; Owner: simoncrunden
--

CREATE INDEX auth_group_permissions_group_id_b120cbf9 ON public.auth_group_permissions USING btree (group_id);


--
-- Name: auth_group_permissions_permission_id_84c5c92e; Type: INDEX; Schema: public; Owner: simoncrunden
--

CREATE INDEX auth_group_permissions_permission_id_84c5c92e ON public.auth_group_permissions USING btree (permission_id);


--
-- Name: auth_permission_content_type_id_2f476e4b; Type: INDEX; Schema: public; Owner: simoncrunden
--

CREATE INDEX auth_permission_content_type_id_2f476e4b ON public.auth_permission USING btree (content_type_id);


--
-- Name: bookings_agent_b_47b787_idx; Type: INDEX; Schema: public; Owner: simoncrunden
--

CREATE INDEX bookings_agent_b_47b787_idx ON public.bookings USING btree (agent_booking_reference);


--
-- Name: bookings_booking_a1dcd6_idx; Type: INDEX; Schema: public; Owner: simoncrunden
--

CREATE INDEX bookings_booking_a1dcd6_idx ON public.bookings USING btree (booking_type, status);


--
-- Name: bookings_organiz_46a7d8_idx; Type: INDEX; Schema: public; Owner: simoncrunden
--

CREATE INDEX bookings_organiz_46a7d8_idx ON public.bookings USING btree (organization_id, travel_date);


--
-- Name: bookings_organiz_a7488f_idx; Type: INDEX; Schema: public; Owner: simoncrunden
--

CREATE INDEX bookings_organiz_a7488f_idx ON public.bookings USING btree (organization_id, booking_date);


--
-- Name: bookings_organization_id_bb239a51; Type: INDEX; Schema: public; Owner: simoncrunden
--

CREATE INDEX bookings_organization_id_bb239a51 ON public.bookings USING btree (organization_id);


--
-- Name: bookings_supplie_d17601_idx; Type: INDEX; Schema: public; Owner: simoncrunden
--

CREATE INDEX bookings_supplie_d17601_idx ON public.bookings USING btree (supplier_reference);


--
-- Name: bookings_travel_arranger_id_af536a42; Type: INDEX; Schema: public; Owner: simoncrunden
--

CREATE INDEX bookings_travel_arranger_id_af536a42 ON public.bookings USING btree (travel_arranger_id);


--
-- Name: bookings_travel_consultant_id_ac22363c; Type: INDEX; Schema: public; Owner: simoncrunden
--

CREATE INDEX bookings_travel_consultant_id_ac22363c ON public.bookings USING btree (travel_consultant_id);


--
-- Name: bookings_travell_0bb930_idx; Type: INDEX; Schema: public; Owner: simoncrunden
--

CREATE INDEX bookings_travell_0bb930_idx ON public.bookings USING btree (traveller_id, travel_date);


--
-- Name: bookings_traveller_id_3e5db131; Type: INDEX; Schema: public; Owner: simoncrunden
--

CREATE INDEX bookings_traveller_id_3e5db131 ON public.bookings USING btree (traveller_id);


--
-- Name: budget_aler_alert_t_62dda1_idx; Type: INDEX; Schema: public; Owner: simoncrunden
--

CREATE INDEX budget_aler_alert_t_62dda1_idx ON public.budget_alerts USING btree (alert_type, is_acknowledged);


--
-- Name: budget_aler_budget__b989ba_idx; Type: INDEX; Schema: public; Owner: simoncrunden
--

CREATE INDEX budget_aler_budget__b989ba_idx ON public.budget_alerts USING btree (budget_id, created_at);


--
-- Name: budget_alerts_acknowledged_by_id_7a18e976; Type: INDEX; Schema: public; Owner: simoncrunden
--

CREATE INDEX budget_alerts_acknowledged_by_id_7a18e976 ON public.budget_alerts USING btree (acknowledged_by_id);


--
-- Name: budget_alerts_budget_id_7d3b5ac6; Type: INDEX; Schema: public; Owner: simoncrunden
--

CREATE INDEX budget_alerts_budget_id_7d3b5ac6 ON public.budget_alerts USING btree (budget_id);


--
-- Name: budget_alerts_notified_users_budgetalert_id_3486019c; Type: INDEX; Schema: public; Owner: simoncrunden
--

CREATE INDEX budget_alerts_notified_users_budgetalert_id_3486019c ON public.budget_alerts_notified_users USING btree (budgetalert_id);


--
-- Name: budget_alerts_notified_users_user_id_652749a1; Type: INDEX; Schema: public; Owner: simoncrunden
--

CREATE INDEX budget_alerts_notified_users_user_id_652749a1 ON public.budget_alerts_notified_users USING btree (user_id);


--
-- Name: budgets_created_by_id_6f55380e; Type: INDEX; Schema: public; Owner: simoncrunden
--

CREATE INDEX budgets_created_by_id_6f55380e ON public.budgets USING btree (created_by_id);


--
-- Name: budgets_fiscal__417708_idx; Type: INDEX; Schema: public; Owner: simoncrunden
--

CREATE INDEX budgets_fiscal__417708_idx ON public.budgets USING btree (fiscal_year_id, is_active);


--
-- Name: budgets_fiscal_year_id_9a06dcb3; Type: INDEX; Schema: public; Owner: simoncrunden
--

CREATE INDEX budgets_fiscal_year_id_9a06dcb3 ON public.budgets USING btree (fiscal_year_id);


--
-- Name: budgets_organiz_edaef8_idx; Type: INDEX; Schema: public; Owner: simoncrunden
--

CREATE INDEX budgets_organiz_edaef8_idx ON public.budgets USING btree (organization_id, fiscal_year_id, cost_center);


--
-- Name: budgets_organization_id_ef41b298; Type: INDEX; Schema: public; Owner: simoncrunden
--

CREATE INDEX budgets_organization_id_ef41b298 ON public.budgets USING btree (organization_id);


--
-- Name: car_hire_bo_pickup__d50437_idx; Type: INDEX; Schema: public; Owner: simoncrunden
--

CREATE INDEX car_hire_bo_pickup__d50437_idx ON public.car_hire_bookings USING btree (pickup_city, pickup_date);


--
-- Name: car_hire_bo_rental__add2a9_idx; Type: INDEX; Schema: public; Owner: simoncrunden
--

CREATE INDEX car_hire_bo_rental__add2a9_idx ON public.car_hire_bookings USING btree (rental_company);


--
-- Name: car_rental_companies_name_6af34740_like; Type: INDEX; Schema: public; Owner: simoncrunden
--

CREATE INDEX car_rental_companies_name_6af34740_like ON public.car_rental_companies USING btree (name varchar_pattern_ops);


--
-- Name: commissions_booking_850959_idx; Type: INDEX; Schema: public; Owner: simoncrunden
--

CREATE INDEX commissions_booking_850959_idx ON public.commissions USING btree (booking_id);


--
-- Name: commissions_booking_id_6f2ea94e; Type: INDEX; Schema: public; Owner: simoncrunden
--

CREATE INDEX commissions_booking_id_6f2ea94e ON public.commissions USING btree (booking_id);


--
-- Name: commissions_commiss_a3ce50_idx; Type: INDEX; Schema: public; Owner: simoncrunden
--

CREATE INDEX commissions_commiss_a3ce50_idx ON public.commissions USING btree (commission_period);


--
-- Name: commissions_import_batch_id_98b9a2cd; Type: INDEX; Schema: public; Owner: simoncrunden
--

CREATE INDEX commissions_import_batch_id_98b9a2cd ON public.commissions USING btree (import_batch_id);


--
-- Name: commissions_organiz_e80c95_idx; Type: INDEX; Schema: public; Owner: simoncrunden
--

CREATE INDEX commissions_organiz_e80c95_idx ON public.commissions USING btree (organization_id, earned_date);


--
-- Name: commissions_organization_id_721b3874; Type: INDEX; Schema: public; Owner: simoncrunden
--

CREATE INDEX commissions_organization_id_721b3874 ON public.commissions USING btree (organization_id);


--
-- Name: commissions_product_a93461_idx; Type: INDEX; Schema: public; Owner: simoncrunden
--

CREATE INDEX commissions_product_a93461_idx ON public.commissions USING btree (product_type, supplier_name);


--
-- Name: compliance__booking_97ca9d_idx; Type: INDEX; Schema: public; Owner: simoncrunden
--

CREATE INDEX compliance__booking_97ca9d_idx ON public.compliance_violations USING btree (booking_id);


--
-- Name: compliance__is_waiv_9e7431_idx; Type: INDEX; Schema: public; Owner: simoncrunden
--

CREATE INDEX compliance__is_waiv_9e7431_idx ON public.compliance_violations USING btree (is_waived);


--
-- Name: compliance__organiz_485100_idx; Type: INDEX; Schema: public; Owner: simoncrunden
--

CREATE INDEX compliance__organiz_485100_idx ON public.compliance_processing_logs USING btree (organization_id, started_at);


--
-- Name: compliance__organiz_8d2b83_idx; Type: INDEX; Schema: public; Owner: simoncrunden
--

CREATE INDEX compliance__organiz_8d2b83_idx ON public.compliance_rules USING btree (organization_id, is_active);


--
-- Name: compliance__organiz_e33184_idx; Type: INDEX; Schema: public; Owner: simoncrunden
--

CREATE INDEX compliance__organiz_e33184_idx ON public.compliance_violations USING btree (organization_id, created_at);


--
-- Name: compliance__rule_ty_7bb368_idx; Type: INDEX; Schema: public; Owner: simoncrunden
--

CREATE INDEX compliance__rule_ty_7bb368_idx ON public.compliance_rules USING btree (rule_type, product_type);


--
-- Name: compliance__status_c09c34_idx; Type: INDEX; Schema: public; Owner: simoncrunden
--

CREATE INDEX compliance__status_c09c34_idx ON public.compliance_processing_logs USING btree (status, processing_type);


--
-- Name: compliance__violati_caf7a3_idx; Type: INDEX; Schema: public; Owner: simoncrunden
--

CREATE INDEX compliance__violati_caf7a3_idx ON public.compliance_violations USING btree (violation_type, severity);


--
-- Name: compliance_processing_logs_initiated_by_id_b36cec9c; Type: INDEX; Schema: public; Owner: simoncrunden
--

CREATE INDEX compliance_processing_logs_initiated_by_id_b36cec9c ON public.compliance_processing_logs USING btree (initiated_by_id);


--
-- Name: compliance_processing_logs_organization_id_90d51b5f; Type: INDEX; Schema: public; Owner: simoncrunden
--

CREATE INDEX compliance_processing_logs_organization_id_90d51b5f ON public.compliance_processing_logs USING btree (organization_id);


--
-- Name: compliance_rules_created_by_id_c8bc55b7; Type: INDEX; Schema: public; Owner: simoncrunden
--

CREATE INDEX compliance_rules_created_by_id_c8bc55b7 ON public.compliance_rules USING btree (created_by_id);


--
-- Name: compliance_rules_organization_id_0d2c858c; Type: INDEX; Schema: public; Owner: simoncrunden
--

CREATE INDEX compliance_rules_organization_id_0d2c858c ON public.compliance_rules USING btree (organization_id);


--
-- Name: compliance_violations_booking_id_c9d24be7; Type: INDEX; Schema: public; Owner: simoncrunden
--

CREATE INDEX compliance_violations_booking_id_c9d24be7 ON public.compliance_violations USING btree (booking_id);


--
-- Name: compliance_violations_compliance_rule_id_e7025512; Type: INDEX; Schema: public; Owner: simoncrunden
--

CREATE INDEX compliance_violations_compliance_rule_id_e7025512 ON public.compliance_violations USING btree (compliance_rule_id);


--
-- Name: compliance_violations_organization_id_0ed298d5; Type: INDEX; Schema: public; Owner: simoncrunden
--

CREATE INDEX compliance_violations_organization_id_0ed298d5 ON public.compliance_violations USING btree (organization_id);


--
-- Name: compliance_violations_traveller_id_8ecdaba3; Type: INDEX; Schema: public; Owner: simoncrunden
--

CREATE INDEX compliance_violations_traveller_id_8ecdaba3 ON public.compliance_violations USING btree (traveller_id);


--
-- Name: compliance_violations_waived_by_id_9dfc6f52; Type: INDEX; Schema: public; Owner: simoncrunden
--

CREATE INDEX compliance_violations_waived_by_id_9dfc6f52 ON public.compliance_violations USING btree (waived_by_id);


--
-- Name: currency_ex_from_cu_cdedf2_idx; Type: INDEX; Schema: public; Owner: simoncrunden
--

CREATE INDEX currency_ex_from_cu_cdedf2_idx ON public.currency_exchange_rates USING btree (from_currency, to_currency, rate_date);


--
-- Name: currency_ex_rate_da_1460ea_idx; Type: INDEX; Schema: public; Owner: simoncrunden
--

CREATE INDEX currency_ex_rate_da_1460ea_idx ON public.currency_exchange_rates USING btree (rate_date);


--
-- Name: django_admin_log_content_type_id_c4bce8eb; Type: INDEX; Schema: public; Owner: simoncrunden
--

CREATE INDEX django_admin_log_content_type_id_c4bce8eb ON public.django_admin_log USING btree (content_type_id);


--
-- Name: django_admin_log_user_id_c564eba6; Type: INDEX; Schema: public; Owner: simoncrunden
--

CREATE INDEX django_admin_log_user_id_c564eba6 ON public.django_admin_log USING btree (user_id);


--
-- Name: django_session_expire_date_a5c62663; Type: INDEX; Schema: public; Owner: simoncrunden
--

CREATE INDEX django_session_expire_date_a5c62663 ON public.django_session USING btree (expire_date);


--
-- Name: django_session_session_key_c0390e0f_like; Type: INDEX; Schema: public; Owner: simoncrunden
--

CREATE INDEX django_session_session_key_c0390e0f_like ON public.django_session USING btree (session_key varchar_pattern_ops);


--
-- Name: fiscal_year_organiz_33dbdb_idx; Type: INDEX; Schema: public; Owner: simoncrunden
--

CREATE INDEX fiscal_year_organiz_33dbdb_idx ON public.fiscal_years USING btree (organization_id, is_current);


--
-- Name: fiscal_year_start_d_aeb9a1_idx; Type: INDEX; Schema: public; Owner: simoncrunden
--

CREATE INDEX fiscal_year_start_d_aeb9a1_idx ON public.fiscal_years USING btree (start_date, end_date);


--
-- Name: fiscal_years_organization_id_7f46b33a; Type: INDEX; Schema: public; Owner: simoncrunden
--

CREATE INDEX fiscal_years_organization_id_7f46b33a ON public.fiscal_years USING btree (organization_id);


--
-- Name: high_risk_d_country_80e14b_idx; Type: INDEX; Schema: public; Owner: simoncrunden
--

CREATE INDEX high_risk_d_country_80e14b_idx ON public.high_risk_destinations USING btree (country_code, is_active);


--
-- Name: high_risk_d_organiz_431ed9_idx; Type: INDEX; Schema: public; Owner: simoncrunden
--

CREATE INDEX high_risk_d_organiz_431ed9_idx ON public.high_risk_destinations USING btree (organization_id, is_active);


--
-- Name: high_risk_d_risk_le_6575aa_idx; Type: INDEX; Schema: public; Owner: simoncrunden
--

CREATE INDEX high_risk_d_risk_le_6575aa_idx ON public.high_risk_destinations USING btree (risk_level);


--
-- Name: high_risk_destinations_created_by_id_f680ee80; Type: INDEX; Schema: public; Owner: simoncrunden
--

CREATE INDEX high_risk_destinations_created_by_id_f680ee80 ON public.high_risk_destinations USING btree (created_by_id);


--
-- Name: high_risk_destinations_not_highriskdestination_id_bf9e9fd6; Type: INDEX; Schema: public; Owner: simoncrunden
--

CREATE INDEX high_risk_destinations_not_highriskdestination_id_bf9e9fd6 ON public.high_risk_destinations_notification_recipients USING btree (highriskdestination_id);


--
-- Name: high_risk_destinations_notification_recipients_user_id_27d4f4fa; Type: INDEX; Schema: public; Owner: simoncrunden
--

CREATE INDEX high_risk_destinations_notification_recipients_user_id_27d4f4fa ON public.high_risk_destinations_notification_recipients USING btree (user_id);


--
-- Name: high_risk_destinations_organization_id_971f8548; Type: INDEX; Schema: public; Owner: simoncrunden
--

CREATE INDEX high_risk_destinations_organization_id_971f8548 ON public.high_risk_destinations USING btree (organization_id);


--
-- Name: hotel_chains_name_76529f7f_like; Type: INDEX; Schema: public; Owner: simoncrunden
--

CREATE INDEX hotel_chains_name_76529f7f_like ON public.hotel_chains USING btree (name varchar_pattern_ops);


--
-- Name: import_batc_organiz_2eb91b_idx; Type: INDEX; Schema: public; Owner: simoncrunden
--

CREATE INDEX import_batc_organiz_2eb91b_idx ON public.import_batches USING btree (organization_id, import_date);


--
-- Name: import_batc_status_83cef5_idx; Type: INDEX; Schema: public; Owner: simoncrunden
--

CREATE INDEX import_batc_status_83cef5_idx ON public.import_batches USING btree (status, created_at);


--
-- Name: import_batches_organization_id_89428e83; Type: INDEX; Schema: public; Owner: simoncrunden
--

CREATE INDEX import_batches_organization_id_89428e83 ON public.import_batches USING btree (organization_id);


--
-- Name: invoices_booking_1788cc_idx; Type: INDEX; Schema: public; Owner: simoncrunden
--

CREATE INDEX invoices_booking_1788cc_idx ON public.invoices USING btree (booking_id);


--
-- Name: invoices_booking_id_aeea72d7; Type: INDEX; Schema: public; Owner: simoncrunden
--

CREATE INDEX invoices_booking_id_aeea72d7 ON public.invoices USING btree (booking_id);


--
-- Name: invoices_import_batch_id_fc61566b; Type: INDEX; Schema: public; Owner: simoncrunden
--

CREATE INDEX invoices_import_batch_id_fc61566b ON public.invoices USING btree (import_batch_id);


--
-- Name: invoices_invoice_7778bc_idx; Type: INDEX; Schema: public; Owner: simoncrunden
--

CREATE INDEX invoices_invoice_7778bc_idx ON public.invoices USING btree (invoice_number);


--
-- Name: invoices_organiz_382970_idx; Type: INDEX; Schema: public; Owner: simoncrunden
--

CREATE INDEX invoices_organiz_382970_idx ON public.invoices USING btree (organization_id, invoice_date);


--
-- Name: invoices_organization_id_3cc25a1c; Type: INDEX; Schema: public; Owner: simoncrunden
--

CREATE INDEX invoices_organization_id_3cc25a1c ON public.invoices USING btree (organization_id);


--
-- Name: organizatio_code_c5d604_idx; Type: INDEX; Schema: public; Owner: simoncrunden
--

CREATE INDEX organizatio_code_c5d604_idx ON public.organizations USING btree (code);


--
-- Name: organizatio_org_typ_257757_idx; Type: INDEX; Schema: public; Owner: simoncrunden
--

CREATE INDEX organizatio_org_typ_257757_idx ON public.organizations USING btree (org_type, is_active);


--
-- Name: organizations_code_535bad85_like; Type: INDEX; Schema: public; Owner: simoncrunden
--

CREATE INDEX organizations_code_535bad85_like ON public.organizations USING btree (code varchar_pattern_ops);


--
-- Name: organizations_travel_agent_id_46ad2b8b; Type: INDEX; Schema: public; Owner: simoncrunden
--

CREATE INDEX organizations_travel_agent_id_46ad2b8b ON public.organizations USING btree (travel_agent_id);


--
-- Name: service_fee_fee_typ_bf9f5a_idx; Type: INDEX; Schema: public; Owner: simoncrunden
--

CREATE INDEX service_fee_fee_typ_bf9f5a_idx ON public.service_fees USING btree (fee_type, fee_date);


--
-- Name: service_fee_organiz_850524_idx; Type: INDEX; Schema: public; Owner: simoncrunden
--

CREATE INDEX service_fee_organiz_850524_idx ON public.service_fees USING btree (organization_id, fee_date);


--
-- Name: service_fees_booking_id_571bebc3; Type: INDEX; Schema: public; Owner: simoncrunden
--

CREATE INDEX service_fees_booking_id_571bebc3 ON public.service_fees USING btree (booking_id);


--
-- Name: service_fees_import_batch_id_52826ba2; Type: INDEX; Schema: public; Owner: simoncrunden
--

CREATE INDEX service_fees_import_batch_id_52826ba2 ON public.service_fees USING btree (import_batch_id);


--
-- Name: service_fees_organization_id_9d807f27; Type: INDEX; Schema: public; Owner: simoncrunden
--

CREATE INDEX service_fees_organization_id_9d807f27 ON public.service_fees USING btree (organization_id);


--
-- Name: service_fees_traveller_id_c36f9538; Type: INDEX; Schema: public; Owner: simoncrunden
--

CREATE INDEX service_fees_traveller_id_c36f9538 ON public.service_fees USING btree (traveller_id);


--
-- Name: travel_risk_alerts_approved_by_id_b15ab887; Type: INDEX; Schema: public; Owner: simoncrunden
--

CREATE INDEX travel_risk_alerts_approved_by_id_b15ab887 ON public.travel_risk_alerts USING btree (approved_by_id);


--
-- Name: travel_risk_alerts_booking_id_848d279d; Type: INDEX; Schema: public; Owner: simoncrunden
--

CREATE INDEX travel_risk_alerts_booking_id_848d279d ON public.travel_risk_alerts USING btree (booking_id);


--
-- Name: travel_risk_alerts_high_risk_destination_id_8f95884f; Type: INDEX; Schema: public; Owner: simoncrunden
--

CREATE INDEX travel_risk_alerts_high_risk_destination_id_8f95884f ON public.travel_risk_alerts USING btree (high_risk_destination_id);


--
-- Name: travel_risk_alerts_organization_id_18b01413; Type: INDEX; Schema: public; Owner: simoncrunden
--

CREATE INDEX travel_risk_alerts_organization_id_18b01413 ON public.travel_risk_alerts USING btree (organization_id);


--
-- Name: travel_risk_alerts_traveller_id_e7e2bd68; Type: INDEX; Schema: public; Owner: simoncrunden
--

CREATE INDEX travel_risk_alerts_traveller_id_e7e2bd68 ON public.travel_risk_alerts USING btree (traveller_id);


--
-- Name: travel_risk_booking_5003cb_idx; Type: INDEX; Schema: public; Owner: simoncrunden
--

CREATE INDEX travel_risk_booking_5003cb_idx ON public.travel_risk_alerts USING btree (booking_id);


--
-- Name: travel_risk_created_ddcd98_idx; Type: INDEX; Schema: public; Owner: simoncrunden
--

CREATE INDEX travel_risk_created_ddcd98_idx ON public.travel_risk_alerts USING btree (created_at);


--
-- Name: travel_risk_organiz_d7b893_idx; Type: INDEX; Schema: public; Owner: simoncrunden
--

CREATE INDEX travel_risk_organiz_d7b893_idx ON public.travel_risk_alerts USING btree (organization_id, alert_status);


--
-- Name: travel_risk_travell_0d7bd2_idx; Type: INDEX; Schema: public; Owner: simoncrunden
--

CREATE INDEX travel_risk_travell_0d7bd2_idx ON public.travel_risk_alerts USING btree (traveller_id, alert_status);


--
-- Name: travellers_organiz_7973d2_idx; Type: INDEX; Schema: public; Owner: simoncrunden
--

CREATE INDEX travellers_organiz_7973d2_idx ON public.travellers USING btree (organization_id, is_active);


--
-- Name: travellers_organiz_df7b3e_idx; Type: INDEX; Schema: public; Owner: simoncrunden
--

CREATE INDEX travellers_organiz_df7b3e_idx ON public.travellers USING btree (organization_id, last_name, first_name);


--
-- Name: travellers_organization_id_efbdbce1; Type: INDEX; Schema: public; Owner: simoncrunden
--

CREATE INDEX travellers_organization_id_efbdbce1 ON public.travellers USING btree (organization_id);


--
-- Name: users_email_4b85f2_idx; Type: INDEX; Schema: public; Owner: simoncrunden
--

CREATE INDEX users_email_4b85f2_idx ON public.users USING btree (email);


--
-- Name: users_groups_group_id_2f3517aa; Type: INDEX; Schema: public; Owner: simoncrunden
--

CREATE INDEX users_groups_group_id_2f3517aa ON public.users_groups USING btree (group_id);


--
-- Name: users_groups_user_id_f500bee5; Type: INDEX; Schema: public; Owner: simoncrunden
--

CREATE INDEX users_groups_user_id_f500bee5 ON public.users_groups USING btree (user_id);


--
-- Name: users_organization_id_abe5d649; Type: INDEX; Schema: public; Owner: simoncrunden
--

CREATE INDEX users_organization_id_abe5d649 ON public.users USING btree (organization_id);


--
-- Name: users_user_permissions_permission_id_6d08dcd2; Type: INDEX; Schema: public; Owner: simoncrunden
--

CREATE INDEX users_user_permissions_permission_id_6d08dcd2 ON public.users_user_permissions USING btree (permission_id);


--
-- Name: users_user_permissions_user_id_92473840; Type: INDEX; Schema: public; Owner: simoncrunden
--

CREATE INDEX users_user_permissions_user_id_92473840 ON public.users_user_permissions USING btree (user_id);


--
-- Name: users_user_ty_578f8f_idx; Type: INDEX; Schema: public; Owner: simoncrunden
--

CREATE INDEX users_user_ty_578f8f_idx ON public.users USING btree (user_type);


--
-- Name: users_username_e8658fc8_like; Type: INDEX; Schema: public; Owner: simoncrunden
--

CREATE INDEX users_username_e8658fc8_like ON public.users USING btree (username varchar_pattern_ops);


--
-- Name: accommodation_bookings accommodation_bookings_booking_id_c67767d1_fk_bookings_id; Type: FK CONSTRAINT; Schema: public; Owner: simoncrunden
--

ALTER TABLE ONLY public.accommodation_bookings
    ADD CONSTRAINT accommodation_bookings_booking_id_c67767d1_fk_bookings_id FOREIGN KEY (booking_id) REFERENCES public.bookings(id) DEFERRABLE INITIALLY DEFERRED;


--
-- Name: air_bookings air_bookings_booking_id_c7d0ceb3_fk_bookings_id; Type: FK CONSTRAINT; Schema: public; Owner: simoncrunden
--

ALTER TABLE ONLY public.air_bookings
    ADD CONSTRAINT air_bookings_booking_id_c7d0ceb3_fk_bookings_id FOREIGN KEY (booking_id) REFERENCES public.bookings(id) DEFERRABLE INITIALLY DEFERRED;


--
-- Name: air_segments air_segments_air_booking_id_6add64d4_fk_air_bookings_id; Type: FK CONSTRAINT; Schema: public; Owner: simoncrunden
--

ALTER TABLE ONLY public.air_segments
    ADD CONSTRAINT air_segments_air_booking_id_6add64d4_fk_air_bookings_id FOREIGN KEY (air_booking_id) REFERENCES public.air_bookings(id) DEFERRABLE INITIALLY DEFERRED;


--
-- Name: auth_group_permissions auth_group_permissio_permission_id_84c5c92e_fk_auth_perm; Type: FK CONSTRAINT; Schema: public; Owner: simoncrunden
--

ALTER TABLE ONLY public.auth_group_permissions
    ADD CONSTRAINT auth_group_permissio_permission_id_84c5c92e_fk_auth_perm FOREIGN KEY (permission_id) REFERENCES public.auth_permission(id) DEFERRABLE INITIALLY DEFERRED;


--
-- Name: auth_group_permissions auth_group_permissions_group_id_b120cbf9_fk_auth_group_id; Type: FK CONSTRAINT; Schema: public; Owner: simoncrunden
--

ALTER TABLE ONLY public.auth_group_permissions
    ADD CONSTRAINT auth_group_permissions_group_id_b120cbf9_fk_auth_group_id FOREIGN KEY (group_id) REFERENCES public.auth_group(id) DEFERRABLE INITIALLY DEFERRED;


--
-- Name: auth_permission auth_permission_content_type_id_2f476e4b_fk_django_co; Type: FK CONSTRAINT; Schema: public; Owner: simoncrunden
--

ALTER TABLE ONLY public.auth_permission
    ADD CONSTRAINT auth_permission_content_type_id_2f476e4b_fk_django_co FOREIGN KEY (content_type_id) REFERENCES public.django_content_type(id) DEFERRABLE INITIALLY DEFERRED;


--
-- Name: bookings bookings_organization_id_bb239a51_fk_organizations_id; Type: FK CONSTRAINT; Schema: public; Owner: simoncrunden
--

ALTER TABLE ONLY public.bookings
    ADD CONSTRAINT bookings_organization_id_bb239a51_fk_organizations_id FOREIGN KEY (organization_id) REFERENCES public.organizations(id) DEFERRABLE INITIALLY DEFERRED;


--
-- Name: bookings bookings_travel_arranger_id_af536a42_fk_users_id; Type: FK CONSTRAINT; Schema: public; Owner: simoncrunden
--

ALTER TABLE ONLY public.bookings
    ADD CONSTRAINT bookings_travel_arranger_id_af536a42_fk_users_id FOREIGN KEY (travel_arranger_id) REFERENCES public.users(id) DEFERRABLE INITIALLY DEFERRED;


--
-- Name: bookings bookings_travel_consultant_id_ac22363c_fk_users_id; Type: FK CONSTRAINT; Schema: public; Owner: simoncrunden
--

ALTER TABLE ONLY public.bookings
    ADD CONSTRAINT bookings_travel_consultant_id_ac22363c_fk_users_id FOREIGN KEY (travel_consultant_id) REFERENCES public.users(id) DEFERRABLE INITIALLY DEFERRED;


--
-- Name: bookings bookings_traveller_id_3e5db131_fk_travellers_id; Type: FK CONSTRAINT; Schema: public; Owner: simoncrunden
--

ALTER TABLE ONLY public.bookings
    ADD CONSTRAINT bookings_traveller_id_3e5db131_fk_travellers_id FOREIGN KEY (traveller_id) REFERENCES public.travellers(id) DEFERRABLE INITIALLY DEFERRED;


--
-- Name: budget_alerts budget_alerts_acknowledged_by_id_7a18e976_fk_users_id; Type: FK CONSTRAINT; Schema: public; Owner: simoncrunden
--

ALTER TABLE ONLY public.budget_alerts
    ADD CONSTRAINT budget_alerts_acknowledged_by_id_7a18e976_fk_users_id FOREIGN KEY (acknowledged_by_id) REFERENCES public.users(id) DEFERRABLE INITIALLY DEFERRED;


--
-- Name: budget_alerts budget_alerts_budget_id_7d3b5ac6_fk_budgets_id; Type: FK CONSTRAINT; Schema: public; Owner: simoncrunden
--

ALTER TABLE ONLY public.budget_alerts
    ADD CONSTRAINT budget_alerts_budget_id_7d3b5ac6_fk_budgets_id FOREIGN KEY (budget_id) REFERENCES public.budgets(id) DEFERRABLE INITIALLY DEFERRED;


--
-- Name: budget_alerts_notified_users budget_alerts_notifi_budgetalert_id_3486019c_fk_budget_al; Type: FK CONSTRAINT; Schema: public; Owner: simoncrunden
--

ALTER TABLE ONLY public.budget_alerts_notified_users
    ADD CONSTRAINT budget_alerts_notifi_budgetalert_id_3486019c_fk_budget_al FOREIGN KEY (budgetalert_id) REFERENCES public.budget_alerts(id) DEFERRABLE INITIALLY DEFERRED;


--
-- Name: budget_alerts_notified_users budget_alerts_notified_users_user_id_652749a1_fk_users_id; Type: FK CONSTRAINT; Schema: public; Owner: simoncrunden
--

ALTER TABLE ONLY public.budget_alerts_notified_users
    ADD CONSTRAINT budget_alerts_notified_users_user_id_652749a1_fk_users_id FOREIGN KEY (user_id) REFERENCES public.users(id) DEFERRABLE INITIALLY DEFERRED;


--
-- Name: budgets budgets_created_by_id_6f55380e_fk_users_id; Type: FK CONSTRAINT; Schema: public; Owner: simoncrunden
--

ALTER TABLE ONLY public.budgets
    ADD CONSTRAINT budgets_created_by_id_6f55380e_fk_users_id FOREIGN KEY (created_by_id) REFERENCES public.users(id) DEFERRABLE INITIALLY DEFERRED;


--
-- Name: budgets budgets_fiscal_year_id_9a06dcb3_fk_fiscal_years_id; Type: FK CONSTRAINT; Schema: public; Owner: simoncrunden
--

ALTER TABLE ONLY public.budgets
    ADD CONSTRAINT budgets_fiscal_year_id_9a06dcb3_fk_fiscal_years_id FOREIGN KEY (fiscal_year_id) REFERENCES public.fiscal_years(id) DEFERRABLE INITIALLY DEFERRED;


--
-- Name: budgets budgets_organization_id_ef41b298_fk_organizations_id; Type: FK CONSTRAINT; Schema: public; Owner: simoncrunden
--

ALTER TABLE ONLY public.budgets
    ADD CONSTRAINT budgets_organization_id_ef41b298_fk_organizations_id FOREIGN KEY (organization_id) REFERENCES public.organizations(id) DEFERRABLE INITIALLY DEFERRED;


--
-- Name: car_hire_bookings car_hire_bookings_booking_id_928d008c_fk_bookings_id; Type: FK CONSTRAINT; Schema: public; Owner: simoncrunden
--

ALTER TABLE ONLY public.car_hire_bookings
    ADD CONSTRAINT car_hire_bookings_booking_id_928d008c_fk_bookings_id FOREIGN KEY (booking_id) REFERENCES public.bookings(id) DEFERRABLE INITIALLY DEFERRED;


--
-- Name: commissions commissions_booking_id_6f2ea94e_fk_bookings_id; Type: FK CONSTRAINT; Schema: public; Owner: simoncrunden
--

ALTER TABLE ONLY public.commissions
    ADD CONSTRAINT commissions_booking_id_6f2ea94e_fk_bookings_id FOREIGN KEY (booking_id) REFERENCES public.bookings(id) DEFERRABLE INITIALLY DEFERRED;


--
-- Name: commissions commissions_import_batch_id_98b9a2cd_fk_import_batches_id; Type: FK CONSTRAINT; Schema: public; Owner: simoncrunden
--

ALTER TABLE ONLY public.commissions
    ADD CONSTRAINT commissions_import_batch_id_98b9a2cd_fk_import_batches_id FOREIGN KEY (import_batch_id) REFERENCES public.import_batches(id) DEFERRABLE INITIALLY DEFERRED;


--
-- Name: commissions commissions_organization_id_721b3874_fk_organizations_id; Type: FK CONSTRAINT; Schema: public; Owner: simoncrunden
--

ALTER TABLE ONLY public.commissions
    ADD CONSTRAINT commissions_organization_id_721b3874_fk_organizations_id FOREIGN KEY (organization_id) REFERENCES public.organizations(id) DEFERRABLE INITIALLY DEFERRED;


--
-- Name: compliance_processing_logs compliance_processin_organization_id_90d51b5f_fk_organizat; Type: FK CONSTRAINT; Schema: public; Owner: simoncrunden
--

ALTER TABLE ONLY public.compliance_processing_logs
    ADD CONSTRAINT compliance_processin_organization_id_90d51b5f_fk_organizat FOREIGN KEY (organization_id) REFERENCES public.organizations(id) DEFERRABLE INITIALLY DEFERRED;


--
-- Name: compliance_processing_logs compliance_processing_logs_initiated_by_id_b36cec9c_fk_users_id; Type: FK CONSTRAINT; Schema: public; Owner: simoncrunden
--

ALTER TABLE ONLY public.compliance_processing_logs
    ADD CONSTRAINT compliance_processing_logs_initiated_by_id_b36cec9c_fk_users_id FOREIGN KEY (initiated_by_id) REFERENCES public.users(id) DEFERRABLE INITIALLY DEFERRED;


--
-- Name: compliance_rules compliance_rules_created_by_id_c8bc55b7_fk_users_id; Type: FK CONSTRAINT; Schema: public; Owner: simoncrunden
--

ALTER TABLE ONLY public.compliance_rules
    ADD CONSTRAINT compliance_rules_created_by_id_c8bc55b7_fk_users_id FOREIGN KEY (created_by_id) REFERENCES public.users(id) DEFERRABLE INITIALLY DEFERRED;


--
-- Name: compliance_rules compliance_rules_organization_id_0d2c858c_fk_organizations_id; Type: FK CONSTRAINT; Schema: public; Owner: simoncrunden
--

ALTER TABLE ONLY public.compliance_rules
    ADD CONSTRAINT compliance_rules_organization_id_0d2c858c_fk_organizations_id FOREIGN KEY (organization_id) REFERENCES public.organizations(id) DEFERRABLE INITIALLY DEFERRED;


--
-- Name: compliance_violations compliance_violation_compliance_rule_id_e7025512_fk_complianc; Type: FK CONSTRAINT; Schema: public; Owner: simoncrunden
--

ALTER TABLE ONLY public.compliance_violations
    ADD CONSTRAINT compliance_violation_compliance_rule_id_e7025512_fk_complianc FOREIGN KEY (compliance_rule_id) REFERENCES public.compliance_rules(id) DEFERRABLE INITIALLY DEFERRED;


--
-- Name: compliance_violations compliance_violation_organization_id_0ed298d5_fk_organizat; Type: FK CONSTRAINT; Schema: public; Owner: simoncrunden
--

ALTER TABLE ONLY public.compliance_violations
    ADD CONSTRAINT compliance_violation_organization_id_0ed298d5_fk_organizat FOREIGN KEY (organization_id) REFERENCES public.organizations(id) DEFERRABLE INITIALLY DEFERRED;


--
-- Name: compliance_violations compliance_violations_booking_id_c9d24be7_fk_bookings_id; Type: FK CONSTRAINT; Schema: public; Owner: simoncrunden
--

ALTER TABLE ONLY public.compliance_violations
    ADD CONSTRAINT compliance_violations_booking_id_c9d24be7_fk_bookings_id FOREIGN KEY (booking_id) REFERENCES public.bookings(id) DEFERRABLE INITIALLY DEFERRED;


--
-- Name: compliance_violations compliance_violations_traveller_id_8ecdaba3_fk_travellers_id; Type: FK CONSTRAINT; Schema: public; Owner: simoncrunden
--

ALTER TABLE ONLY public.compliance_violations
    ADD CONSTRAINT compliance_violations_traveller_id_8ecdaba3_fk_travellers_id FOREIGN KEY (traveller_id) REFERENCES public.travellers(id) DEFERRABLE INITIALLY DEFERRED;


--
-- Name: compliance_violations compliance_violations_waived_by_id_9dfc6f52_fk_users_id; Type: FK CONSTRAINT; Schema: public; Owner: simoncrunden
--

ALTER TABLE ONLY public.compliance_violations
    ADD CONSTRAINT compliance_violations_waived_by_id_9dfc6f52_fk_users_id FOREIGN KEY (waived_by_id) REFERENCES public.users(id) DEFERRABLE INITIALLY DEFERRED;


--
-- Name: django_admin_log django_admin_log_content_type_id_c4bce8eb_fk_django_co; Type: FK CONSTRAINT; Schema: public; Owner: simoncrunden
--

ALTER TABLE ONLY public.django_admin_log
    ADD CONSTRAINT django_admin_log_content_type_id_c4bce8eb_fk_django_co FOREIGN KEY (content_type_id) REFERENCES public.django_content_type(id) DEFERRABLE INITIALLY DEFERRED;


--
-- Name: django_admin_log django_admin_log_user_id_c564eba6_fk_users_id; Type: FK CONSTRAINT; Schema: public; Owner: simoncrunden
--

ALTER TABLE ONLY public.django_admin_log
    ADD CONSTRAINT django_admin_log_user_id_c564eba6_fk_users_id FOREIGN KEY (user_id) REFERENCES public.users(id) DEFERRABLE INITIALLY DEFERRED;


--
-- Name: fiscal_years fiscal_years_organization_id_7f46b33a_fk_organizations_id; Type: FK CONSTRAINT; Schema: public; Owner: simoncrunden
--

ALTER TABLE ONLY public.fiscal_years
    ADD CONSTRAINT fiscal_years_organization_id_7f46b33a_fk_organizations_id FOREIGN KEY (organization_id) REFERENCES public.organizations(id) DEFERRABLE INITIALLY DEFERRED;


--
-- Name: high_risk_destinations_notification_recipients high_risk_destinatio_highriskdestination__bf9e9fd6_fk_high_risk; Type: FK CONSTRAINT; Schema: public; Owner: simoncrunden
--

ALTER TABLE ONLY public.high_risk_destinations_notification_recipients
    ADD CONSTRAINT high_risk_destinatio_highriskdestination__bf9e9fd6_fk_high_risk FOREIGN KEY (highriskdestination_id) REFERENCES public.high_risk_destinations(id) DEFERRABLE INITIALLY DEFERRED;


--
-- Name: high_risk_destinations high_risk_destinatio_organization_id_971f8548_fk_organizat; Type: FK CONSTRAINT; Schema: public; Owner: simoncrunden
--

ALTER TABLE ONLY public.high_risk_destinations
    ADD CONSTRAINT high_risk_destinatio_organization_id_971f8548_fk_organizat FOREIGN KEY (organization_id) REFERENCES public.organizations(id) DEFERRABLE INITIALLY DEFERRED;


--
-- Name: high_risk_destinations_notification_recipients high_risk_destinatio_user_id_27d4f4fa_fk_users_id; Type: FK CONSTRAINT; Schema: public; Owner: simoncrunden
--

ALTER TABLE ONLY public.high_risk_destinations_notification_recipients
    ADD CONSTRAINT high_risk_destinatio_user_id_27d4f4fa_fk_users_id FOREIGN KEY (user_id) REFERENCES public.users(id) DEFERRABLE INITIALLY DEFERRED;


--
-- Name: high_risk_destinations high_risk_destinations_created_by_id_f680ee80_fk_users_id; Type: FK CONSTRAINT; Schema: public; Owner: simoncrunden
--

ALTER TABLE ONLY public.high_risk_destinations
    ADD CONSTRAINT high_risk_destinations_created_by_id_f680ee80_fk_users_id FOREIGN KEY (created_by_id) REFERENCES public.users(id) DEFERRABLE INITIALLY DEFERRED;


--
-- Name: import_batches import_batches_organization_id_89428e83_fk_organizations_id; Type: FK CONSTRAINT; Schema: public; Owner: simoncrunden
--

ALTER TABLE ONLY public.import_batches
    ADD CONSTRAINT import_batches_organization_id_89428e83_fk_organizations_id FOREIGN KEY (organization_id) REFERENCES public.organizations(id) DEFERRABLE INITIALLY DEFERRED;


--
-- Name: invoices invoices_booking_id_aeea72d7_fk_bookings_id; Type: FK CONSTRAINT; Schema: public; Owner: simoncrunden
--

ALTER TABLE ONLY public.invoices
    ADD CONSTRAINT invoices_booking_id_aeea72d7_fk_bookings_id FOREIGN KEY (booking_id) REFERENCES public.bookings(id) DEFERRABLE INITIALLY DEFERRED;


--
-- Name: invoices invoices_import_batch_id_fc61566b_fk_import_batches_id; Type: FK CONSTRAINT; Schema: public; Owner: simoncrunden
--

ALTER TABLE ONLY public.invoices
    ADD CONSTRAINT invoices_import_batch_id_fc61566b_fk_import_batches_id FOREIGN KEY (import_batch_id) REFERENCES public.import_batches(id) DEFERRABLE INITIALLY DEFERRED;


--
-- Name: invoices invoices_organization_id_3cc25a1c_fk_organizations_id; Type: FK CONSTRAINT; Schema: public; Owner: simoncrunden
--

ALTER TABLE ONLY public.invoices
    ADD CONSTRAINT invoices_organization_id_3cc25a1c_fk_organizations_id FOREIGN KEY (organization_id) REFERENCES public.organizations(id) DEFERRABLE INITIALLY DEFERRED;


--
-- Name: organizations organizations_travel_agent_id_46ad2b8b_fk_organizations_id; Type: FK CONSTRAINT; Schema: public; Owner: simoncrunden
--

ALTER TABLE ONLY public.organizations
    ADD CONSTRAINT organizations_travel_agent_id_46ad2b8b_fk_organizations_id FOREIGN KEY (travel_agent_id) REFERENCES public.organizations(id) DEFERRABLE INITIALLY DEFERRED;


--
-- Name: service_fees service_fees_booking_id_571bebc3_fk_bookings_id; Type: FK CONSTRAINT; Schema: public; Owner: simoncrunden
--

ALTER TABLE ONLY public.service_fees
    ADD CONSTRAINT service_fees_booking_id_571bebc3_fk_bookings_id FOREIGN KEY (booking_id) REFERENCES public.bookings(id) DEFERRABLE INITIALLY DEFERRED;


--
-- Name: service_fees service_fees_import_batch_id_52826ba2_fk_import_batches_id; Type: FK CONSTRAINT; Schema: public; Owner: simoncrunden
--

ALTER TABLE ONLY public.service_fees
    ADD CONSTRAINT service_fees_import_batch_id_52826ba2_fk_import_batches_id FOREIGN KEY (import_batch_id) REFERENCES public.import_batches(id) DEFERRABLE INITIALLY DEFERRED;


--
-- Name: service_fees service_fees_organization_id_9d807f27_fk_organizations_id; Type: FK CONSTRAINT; Schema: public; Owner: simoncrunden
--

ALTER TABLE ONLY public.service_fees
    ADD CONSTRAINT service_fees_organization_id_9d807f27_fk_organizations_id FOREIGN KEY (organization_id) REFERENCES public.organizations(id) DEFERRABLE INITIALLY DEFERRED;


--
-- Name: service_fees service_fees_traveller_id_c36f9538_fk_travellers_id; Type: FK CONSTRAINT; Schema: public; Owner: simoncrunden
--

ALTER TABLE ONLY public.service_fees
    ADD CONSTRAINT service_fees_traveller_id_c36f9538_fk_travellers_id FOREIGN KEY (traveller_id) REFERENCES public.travellers(id) DEFERRABLE INITIALLY DEFERRED;


--
-- Name: travel_risk_alerts travel_risk_alerts_approved_by_id_b15ab887_fk_users_id; Type: FK CONSTRAINT; Schema: public; Owner: simoncrunden
--

ALTER TABLE ONLY public.travel_risk_alerts
    ADD CONSTRAINT travel_risk_alerts_approved_by_id_b15ab887_fk_users_id FOREIGN KEY (approved_by_id) REFERENCES public.users(id) DEFERRABLE INITIALLY DEFERRED;


--
-- Name: travel_risk_alerts travel_risk_alerts_booking_id_848d279d_fk_bookings_id; Type: FK CONSTRAINT; Schema: public; Owner: simoncrunden
--

ALTER TABLE ONLY public.travel_risk_alerts
    ADD CONSTRAINT travel_risk_alerts_booking_id_848d279d_fk_bookings_id FOREIGN KEY (booking_id) REFERENCES public.bookings(id) DEFERRABLE INITIALLY DEFERRED;


--
-- Name: travel_risk_alerts travel_risk_alerts_high_risk_destinatio_8f95884f_fk_high_risk; Type: FK CONSTRAINT; Schema: public; Owner: simoncrunden
--

ALTER TABLE ONLY public.travel_risk_alerts
    ADD CONSTRAINT travel_risk_alerts_high_risk_destinatio_8f95884f_fk_high_risk FOREIGN KEY (high_risk_destination_id) REFERENCES public.high_risk_destinations(id) DEFERRABLE INITIALLY DEFERRED;


--
-- Name: travel_risk_alerts travel_risk_alerts_organization_id_18b01413_fk_organizations_id; Type: FK CONSTRAINT; Schema: public; Owner: simoncrunden
--

ALTER TABLE ONLY public.travel_risk_alerts
    ADD CONSTRAINT travel_risk_alerts_organization_id_18b01413_fk_organizations_id FOREIGN KEY (organization_id) REFERENCES public.organizations(id) DEFERRABLE INITIALLY DEFERRED;


--
-- Name: travel_risk_alerts travel_risk_alerts_traveller_id_e7e2bd68_fk_travellers_id; Type: FK CONSTRAINT; Schema: public; Owner: simoncrunden
--

ALTER TABLE ONLY public.travel_risk_alerts
    ADD CONSTRAINT travel_risk_alerts_traveller_id_e7e2bd68_fk_travellers_id FOREIGN KEY (traveller_id) REFERENCES public.travellers(id) DEFERRABLE INITIALLY DEFERRED;


--
-- Name: travellers travellers_organization_id_efbdbce1_fk_organizations_id; Type: FK CONSTRAINT; Schema: public; Owner: simoncrunden
--

ALTER TABLE ONLY public.travellers
    ADD CONSTRAINT travellers_organization_id_efbdbce1_fk_organizations_id FOREIGN KEY (organization_id) REFERENCES public.organizations(id) DEFERRABLE INITIALLY DEFERRED;


--
-- Name: travellers travellers_user_id_aa5b643e_fk_users_id; Type: FK CONSTRAINT; Schema: public; Owner: simoncrunden
--

ALTER TABLE ONLY public.travellers
    ADD CONSTRAINT travellers_user_id_aa5b643e_fk_users_id FOREIGN KEY (user_id) REFERENCES public.users(id) DEFERRABLE INITIALLY DEFERRED;


--
-- Name: user_profiles user_profiles_user_id_8c5ab5fe_fk_users_id; Type: FK CONSTRAINT; Schema: public; Owner: simoncrunden
--

ALTER TABLE ONLY public.user_profiles
    ADD CONSTRAINT user_profiles_user_id_8c5ab5fe_fk_users_id FOREIGN KEY (user_id) REFERENCES public.users(id) DEFERRABLE INITIALLY DEFERRED;


--
-- Name: users_groups users_groups_group_id_2f3517aa_fk_auth_group_id; Type: FK CONSTRAINT; Schema: public; Owner: simoncrunden
--

ALTER TABLE ONLY public.users_groups
    ADD CONSTRAINT users_groups_group_id_2f3517aa_fk_auth_group_id FOREIGN KEY (group_id) REFERENCES public.auth_group(id) DEFERRABLE INITIALLY DEFERRED;


--
-- Name: users_groups users_groups_user_id_f500bee5_fk_users_id; Type: FK CONSTRAINT; Schema: public; Owner: simoncrunden
--

ALTER TABLE ONLY public.users_groups
    ADD CONSTRAINT users_groups_user_id_f500bee5_fk_users_id FOREIGN KEY (user_id) REFERENCES public.users(id) DEFERRABLE INITIALLY DEFERRED;


--
-- Name: users users_organization_id_abe5d649_fk_organizations_id; Type: FK CONSTRAINT; Schema: public; Owner: simoncrunden
--

ALTER TABLE ONLY public.users
    ADD CONSTRAINT users_organization_id_abe5d649_fk_organizations_id FOREIGN KEY (organization_id) REFERENCES public.organizations(id) DEFERRABLE INITIALLY DEFERRED;


--
-- Name: users_user_permissions users_user_permissio_permission_id_6d08dcd2_fk_auth_perm; Type: FK CONSTRAINT; Schema: public; Owner: simoncrunden
--

ALTER TABLE ONLY public.users_user_permissions
    ADD CONSTRAINT users_user_permissio_permission_id_6d08dcd2_fk_auth_perm FOREIGN KEY (permission_id) REFERENCES public.auth_permission(id) DEFERRABLE INITIALLY DEFERRED;


--
-- Name: users_user_permissions users_user_permissions_user_id_92473840_fk_users_id; Type: FK CONSTRAINT; Schema: public; Owner: simoncrunden
--

ALTER TABLE ONLY public.users_user_permissions
    ADD CONSTRAINT users_user_permissions_user_id_92473840_fk_users_id FOREIGN KEY (user_id) REFERENCES public.users(id) DEFERRABLE INITIALLY DEFERRED;


--
-- PostgreSQL database dump complete
--

\unrestrict JjqVfl2YVS9n8btT2uSz0vmlZKD5hXPKbqW7Pxr8FTXCdwxkBxBTgh8AtIkXNpR

